IMG_20240117_160436.jpg,1468.1187,798.4762,-2102.1572,1516.2725,741.51416,-2001.319,1546.8988,746.2323,-2001.9393,1571.2678,752.0873,-2002.2461,1428.6573,738.09753,-1985.4902,1400.7748,739.8602,-1985.6182,1381.7927,742.489,-1986.0198,1617.4266,803.81726,-1309.5358,1358.4425,804.6124,-1222.399,1532.7146,887.0399,-1836.9646,1412.0878,880.42505,-1812.6248,1825.8074,1298.6477,-816.5627,1198.0303,1294.9944,-652.10785,1913.5847,1846.8379,-395.48273,1097.0454,1839.8047,-270.55823,1995.3666,2269.451,-907.4977,956.12714,2278.0989,-920.8954,2029.4087,2411.8923,-1077.4978,890.8169,2416.3948,-1101.0929,2000.9242,2415.757,-1318.9877,919.17224,2415.215,-1393.4055,1977.6086,2380.4067,-1009.7223,953.096,2376.4536,-1056.0925,1686.9438,2310.6233,-63.450325,1298.6304,2297.1646,63.433144,1691.3264,3051.4675,15.880586,1299.0814,3062.6936,254.75404,1704.2239,3599.5286,1547.5265,1362.4922,3633.0806,1652.2073,1668.1304,3662.8853,1641.1826,1403.8193,3690.48,1741.6404,1747.244,3919.5945,789.6633,1299.7058,3925.5894,879.6074
IMG_20240117_160444.jpg,1633.5518,789.6046,-1681.7164,1631.9409,738.7706,-1553.6202,1641.1174,739.15234,-1553.9307,1650.7229,739.42847,-1554.1213,1589.9718,739.91296,-1641.1718,1565.9321,743.1665,-1641.3257,1544.9524,747.0172,-1641.6157,1639.9089,770.7738,-793.264,1479.7554,790.73035,-1195.5768,1647.5056,853.1775,-1389.1252,1596.4194,853.18164,-1505.2468,1756.8914,1187.9473,-27.56081,1325.5499,1149.3994,-1061.4971,1824.085,1622.5084,401.2475,1184.5825,1625.3813,-1025.5729,1910.632,1971.4407,-177.38669,1114.4526,2001.209,-1452.0857,1957.0642,2077.947,-312.9555,1061.23,2120.4277,-1659.3062,1953.2795,2084.961,-541.58905,1101.7312,2131.6267,-1832.9939,1932.7556,2056.4333,-287.9483,1131.5621,2094.856,-1528.546,1681.5253,2019.9276,404.66467,1416.0408,2013.4313,-405.1599,1677.5508,2645.4106,649.3626,1382.1746,2650.4373,-229.38766,1626.2693,3115.651,1750.2185,1391.4811,3156.9524,734.32764,1575.457,3181.3838,1817.812,1357.3629,3231.9275,787.41907,1787.5647,3315.8774,1234.0269,1503.835,3391.06,50.646507
IMG_20240117_160452.jpg,1473.3438,698.37317,-1335.2489,1451.9435,631.5687,-1198.3297,1455.0273,632.5775,-1198.5425,1457.3865,633.5852,-1198.4878,1417.3596,625.0383,-1379.1232,1395.344,622.4121,-1379.3883,1369.1913,619.7534,-1379.8254,1382.8514,659.48083,-444.6568,1270.6155,653.9153,-1255.8154,1461.2194,770.28613,-1036.3749,1421.4161,767.5775,-1271.1367,1343.4814,1095.9427,436.6283,1103.3499,1059.499,-1611.6423,1332.9474,1661.1417,806.19946,1002.339,1671.0608,-1816.4863,1409.0483,2115.7634,420.11713,1048.5195,2208.739,-1813.1255,1439.6217,2226.5947,370.9879,1027.15,2350.9028,-2028.1833,1444.9163,2235.0186,184.53513,1092.0927,2346.1824,-2071.1052,1426.9951,2208.0774,317.12912,1105.9282,2306.136,-1827.5511,1364.3594,2185.0007,691.31683,1163.0879,2186.734,-691.9581,1431.7402,2892.0046,1318.3689,1146.0112,2936.778,-100.296616,1261.4713,3414.5962,2387.4043,1136.7275,3541.0393,836.1085,1159.4166,3496.8975,2466.5986,1062.3525,3647.7139,890.5003,1537.4556,3594.1064,2080.6887,1406.0758,3800.0718,215.62793
IMG_20240117_160501.jpg,1622.5067,572.6387,-671.6472,1608.6127,489.53638,-605.5786,1609.5398,487.50952,-605.8694,1609.4873,485.32703,-606.3105,1578.0186,487.33643,-765.49677,1554.9949,483.87073,-765.5083,1531.4192,480.5404,-765.4915,1520.1748,497.15344,-99.79722,1426.0581,497.2577,-830.7843,1603.6748,648.31274,-457.03143,1564.931,654.77454,-669.5231,1524.3511,1008.7058,600.083,1301.1521,870.906,-1202.2355,1766.5217,1340.1267,1228.4423,1753.014,1137.9661,-1504.6248,2051.7163,1426.2634,1076.4377,2452.886,1223.3174,-1327.5634,2097.5708,1442.1924,1080.7958,2608.94,1229.7769,-1509.0679,2099.3943,1405.4602,878.5349,2587.757,1162.7656,-1417.5112,2082.3013,1409.5405,982.9573,2519.816,1187.3723,-1288.7224,1468.5591,2065.1094,536.5852,1236.7584,2062.0232,-536.87317,1572.226,2782.1152,961.4977,1239.4641,2880.5493,-109.54343,1409.2388,3385.1128,1626.7972,1182.726,3527.7925,526.66455,1299.0157,3475.213,1676.5999,1096.7917,3611.2344,561.55853,1693.0448,3620.8384,1328.3716,1434.6747,3809.6738,8.408533
IMG_20240117_160503.jpg,1503.6927,627.89185,-1015.6079,1483.8762,566.02673,-889.2313,1486.6578,566.3092,-889.4889,1488.4824,566.4823,-889.5786,1450.1355,562.9518,-1060.8103,1429.6462,561.0532,-1060.8951,1403.4865,559.6,-1061.1754,1421.5232,594.7317,-205.78926,1289.4758,597.0751,-994.19556,1492.4313,704.7744,-748.0084,1450.4412,703.2528,-975.8086,1464.4558,1084.3428,530.1268,1091.4064,1014.2196,-1324.1415,1538.3047,1625.3395,956.4768,971.79626,1661.6617,-1617.8123,1680.7039,2102.7078,665.1807,899.31616,2198.0251,-1794.1584,1737.1304,2224.2463,635.79504,848.98206,2343.3862,-2009.8193,1738.5465,2231.8147,417.45712,897.4751,2345.864,-2089.2969,1697.0618,2200.1506,560.6129,926.40063,2303.27,-1829.7368,1481.98,2186.034,621.0887,1221.3708,2187.9587,-621.9095,1494.2965,2930.4556,1234.6682,1168.3387,3003.713,-257.87878,1374.8026,3457.6313,2293.9048,1161.0105,3597.559,558.6003,1280.407,3544.2688,2370.174,1102.6343,3687.5505,606.05334,1644.9971,3673.1714,1980.563,1390.5571,3898.3564,-63.466187
IMG_20240117_160510.jpg,1653.895,666.38464,-1454.7661,1641.9038,614.6398,-1306.417,1648.8738,615.2727,-1306.856,1654.4397,615.8391,-1307.0951,1601.4795,612.2103,-1444.1815,1577.9905,611.3275,-1444.3291,1550.7294,612.2335,-1444.7269,1616.4521,647.0453,-509.3327,1459.5471,660.52185,-1138.3428,1655.4869,731.69885,-1149.5701,1607.1125,731.0408,-1331.7595,1710.7603,1107.2528,258.6306,1281.2559,1059.7952,-1195.2734,1777.0796,1571.5007,676.09143,1195.9221,1585.7319,-1290.4033,1856.8627,1976.7255,156.53731,1106.3333,2061.5452,-1639.8798,1882.2903,2094.5457,42.554474,1075.4512,2190.8179,-1889.9602,1872.1154,2102.2588,-182.35597,1128.756,2202.6235,-2013.8225,1844.7192,2071.3452,42.88834,1148.8066,2162.528,-1698.783,1689.5292,2027.4503,502.6766,1418.7856,2031.0844,-502.81085,1719.1066,2686.3901,785.3237,1443.7812,2703.3862,-143.13779,1676.5913,3212.1436,2161.5085,1483.636,3259.4062,1127.668,1612.7153,3267.5278,2263.587,1438.7866,3320.2493,1214.7523,1849.0265,3413.8188,1716.2385,1644.9965,3513.0781,467.1577
IMG_20240117_160516.jpg,1654.8225,703.7361,-2169.1858,1670.7609,650.23694,-2030.0315,1689.8396,655.05615,-2030.4395,1707.65,659.9009,-2030.8319,1612.6033,642.20386,-2102.1191,1585.7366,642.5116,-2102.3328,1557.4197,644.9856,-2102.6992,1713.8346,703.7439,-1164.836,1489.8768,700.49133,-1498.1031,1680.9478,783.51465,-1837.4623,1604.3591,774.97314,-1933.6252,1849.2344,1187.303,-434.3418,1305.4736,1144.8157,-1098.8967,1925.0696,1693.2736,36.22415,1174.1031,1705.8413,-863.8709,2023.641,2100.4978,-637.0357,1030.4022,2127.59,-1397.2538,2063.8438,2241.03,-808.97095,965.7799,2261.3691,-1602.5857,2052.224,2251.5745,-1058.5791,990.657,2267.9697,-1850.9448,2024.5151,2214.981,-757.2037,1023.5032,2230.3567,-1508.5914,1758.2598,2119.359,249.98305,1427.6178,2106.434,-250.57379,1722.6478,2858.5833,207.89606,1431.847,2823.108,-140.71115,1677.5687,3386.5083,1912.9573,1478.8649,3413.4136,1421.6205,1636.8988,3424.717,2033.878,1482.5093,3461.6934,1529.1583,1729.6011,3653.7407,1224.2557,1516.0189,3706.998,597.93933
IMG_20240117_160521.jpg,1610.4622,1130.74,-2138.1348,1625.7821,1074.1829,-2015.6843,1639.8696,1075.1907,-2016.045,1653.1855,1076.4702,-2016.3256,1570.1232,1070.4126,-2083.024,1541.8228,1069.3751,-2083.299,1515.8982,1069.7306,-2083.7993,1644.6749,1105.934,-1275.4529,1449.1272,1103.3859,-1590.7788,1630.1415,1203.3126,-1854.469,1563.4614,1201.0569,-1945.0917,1776.1682,1530.6346,-636.6392,1261.8503,1520.4791,-1287.5813,1845.8573,1999.2716,-246.0589,1170.4485,2054.487,-1165.5569,1915.4075,2329.3093,-811.02563,1077.1716,2492.9873,-1540.6952,1949.1311,2456.925,-966.5005,1017.0532,2624.9211,-1723.4133,1932.0725,2463.6323,-1157.5742,1057.5505,2636.8462,-1908.5394,1909.1995,2423.9392,-901.72034,1098.3975,2594.0276,-1622.3485,1685.2167,2391.815,242.74983,1392.0067,2395.947,-243.78934,1660.3444,3003.9253,546.1025,1406.4169,3009.315,201.61162,1605.6797,3377.799,2476.0762,1432.1202,3404.938,1970.6362,1566.7859,3409.987,2641.645,1420.9318,3440.2666,2121.9736,1664.539,3604.1526,2088.7969,1487.9586,3666.3691,1428.5753
IMG_20240117_160527.jpg,1284.8777,993.8887,-2069.1333,1294.9355,936.1421,-1950.6465,1309.4895,937.8075,-1951.0038,1327.4165,939.35364,-1951.0946,1235.9204,935.53174,-1989.9727,1208.6404,939.8214,-1990.082,1181.6311,945.31714,-1990.3032,1333.2976,968.6221,-1179.0508,1123.6664,997.6946,-1366.6104,1314.2969,1065.825,-1773.9204,1233.2856,1067.6641,-1827.6238,1520.0106,1403.3931,-627.2353,960.9153,1425.2667,-897.32947,1613.668,1864.7711,-168.88293,879.5779,1942.3999,-638.9021,1728.7639,2219.9705,-789.5681,753.6212,2359.6643,-1176.1101,1769.4973,2352.3333,-970.11,714.78217,2494.5635,-1368.9215,1754.6437,2370.9624,-1195.8612,741.38934,2491.495,-1609.1182,1730.2852,2326.6045,-892.8463,766.893,2454.2112,-1287.1792,1456.8966,2304.986,100.838104,1111.2795,2326.94,-101.17015,1452.7524,2941.334,359.0615,1182.4713,2945.198,251.68776,1459.1558,3397.4775,2156.3008,1254.0626,3448.1155,1920.1035,1429.4233,3434.6865,2299.1565,1252.4302,3477.4937,2052.9739,1490.876,3643.5503,1585.4817,1301.5088,3702.7827,1275.659
IMG_20240117_160534.jpg,1628.8862,810.35693,-1812.9414,1698.0571,748.6321,-1769.5991,1732.7168,752.9575,-1770.1315,1760.2585,757.8849,-1770.7251,1607.783,742.3275,-1698.9635,1584.3955,742.5801,-1699.1616,1568.0068,742.69275,-1699.5165,1826.2571,811.5338,-1337.5095,1582.2485,794.126,-1011.6696,1696.6104,895.55725,-1636.8541,1590.4794,889.47644,-1544.2993,2033.8716,1282.029,-1198.6204,1432.0312,1275.1235,-442.52142,2143.4956,1932.648,-982.75507,1270.9932,1831.6012,-55.281296,2194.1025,2479.6074,-1043.7883,1098.1755,2299.276,-386.31927,2272.9836,2616.0825,-1151.0801,1009.4394,2448.2463,-475.19354,2219.9536,2628.5957,-1308.2084,1039.3843,2441.2515,-683.8928,2171.4011,2571.6433,-1096.4934,1079.3245,2396.7415,-486.05466,1842.8917,2278.1133,-245.78116,1498.834,2252.4788,244.32819,1771.5371,2962.064,79.979675,1488.4956,2961.9675,792.7842,1764.7888,3344.558,1973.8143,1599.7578,3373.8086,2451.4592,1787.8108,3383.3892,2137.172,1659.9426,3410.0225,2602.5596,1673.5898,3615.3433,1631.8958,1481.265,3620.1548,2128.6785
IMG_20240117_160538.jpg,1580.1777,1255.8136,-1975.9662,1644.3157,1196.0308,-1925.9773,1677.0759,1199.7024,-1926.5637,1703.3646,1203.8312,-1927.2786,1560.3557,1189.4071,-1866.9767,1539.6235,1188.0605,-1866.9658,1524.3534,1187.0204,-1867.4282,1765.6337,1250.8213,-1435.2773,1541.644,1225.1708,-1160.672,1642.5239,1336.22,-1777.1982,1546.2971,1327.8676,-1699.4028,1951.5149,1685.5281,-1201.2758,1380.9579,1641.5874,-530.2536,2048.678,2261.3545,-1008.09357,1265.4845,2135.2466,-178.1639,2081.5776,2755.439,-1275.7892,1089.4568,2575.557,-677.4161,2109.577,2899.0808,-1430.9866,1017.41,2707.5327,-811.1638,2065.7651,2892.7395,-1600.159,1048.7604,2704.6663,-1037.6919,2042.1779,2840.2854,-1340.034,1080.1621,2661.4675,-787.87134,1781.1775,2595.125,-192.40141,1450.9858,2570.5085,191.71529,1748.5752,3226.1243,-3.92878,1467.0547,3235.3462,624.20825,1728.9153,3583.402,2031.6335,1577.4832,3594.6113,2357.1416,1748.2921,3620.5322,2203.8115,1633.6968,3628.6367,2508.9734,1662.5504,3846.2861,1614.2194,1499.6682,3828.855,1963.9624
IMG_20240117_160543.jpg,1553.1119,825.5078,-1754.4387,1605.2439,770.4883,-1711.6282,1631.6569,772.0206,-1712.157,1656.8302,775.0354,-1712.6433,1547.3572,771.92175,-1647.3667,1531.1731,773.2655,-1647.3181,1518.8138,775.10596,-1647.5894,1718.4225,827.7517,-1279.3862,1541.699,814.3685,-970.5841,1609.0353,899.7567,-1581.0596,1532.4019,892.3281,-1492.751,1889.9438,1222.1582,-1060.167,1401.1404,1252.4077,-331.5503,1977.8287,1722.9924,-856.07983,1296.925,1689.0853,52.226334,2014.285,2125.1604,-1137.6655,1182.3812,2055.1814,-428.53577,2030.4349,2244.3096,-1272.4445,1155.4138,2133.8896,-546.4154,2011.6313,2253.5537,-1453.45,1162.7009,2127.3267,-771.7103,1985.8733,2220.5532,-1210.1595,1184.1868,2105.052,-538.556,1726.8359,2112.2014,-251.05542,1440.5428,2097.9753,250.39494,1670.9279,2745.4128,-119.006485,1420.4045,2728.3765,455.70383,1657.6604,3291.3828,962.1992,1479.2056,3273.2231,1512.365,1683.0018,3352.669,1017.7788,1535.8359,3327.7776,1574.3042,1544.9409,3522.0374,266.64624,1351.7977,3482.5713,952.70636
IMG_20240117_160548.jpg,1356.4792,1552.5652,-1664.7749,1409.6005,1499.8406,-1660.0162,1434.8772,1502.9005,-1660.507,1457.7466,1506.4054,-1661.1279,1359.8604,1494.9415,-1571.183,1349.8235,1492.8662,-1571.1724,1340.4161,1490.1464,-1571.6228,1522.2471,1540.5143,-1370.4167,1389.7957,1512.1621,-962.4717,1406.6134,1611.04,-1538.2432,1343.1697,1609.1775,-1421.976,1711.5355,1912.2698,-1279.5743,1256.1437,1890.736,-307.10828,1815.5085,2423.9885,-1156.5562,1189.5334,2314.1733,72.844315,1880.8978,2888.376,-1253.6732,1105.8853,2667.452,-398.11194,1940.9008,2991.145,-1392.2993,1086.6619,2772.5835,-500.98383,1899.4697,3008.181,-1540.7948,1096.7693,2765.8662,-717.8999,1856.4954,2960.4785,-1307.0955,1119.5262,2735.009,-505.5827,1615.564,2706.788,-316.93066,1341.7137,2688.042,316.59967,1582.666,3257.1465,-74.257996,1363.4617,3233.0405,640.5096,1618.8358,3659.1797,1316.7885,1443.1782,3627.382,1963.6455,1654.9786,3703.011,1416.454,1505.21,3672.2468,2066.5625,1493.055,3897.96,822.9304,1335.3799,3836.43,1599.0164
IMG_20240117_160551.jpg,1488.0406,1205.3639,-1727.4781,1534.8737,1150.6313,-1753.1787,1555.4103,1152.1793,-1753.667,1578.7665,1154.5907,-1754.5386,1503.0732,1146.2924,-1617.1042,1499.4423,1143.8037,-1617.011,1496.4629,1141.18,-1617.4844,1666.8071,1203.6887,-1593.9587,1560.8569,1178.5176,-983.74786,1535.9761,1279.7335,-1649.4956,1490.3398,1266.9274,-1474.504,1836.0581,1586.0262,-1675.534,1462.7844,1564.3813,-226.5828,1872.8108,2150.1091,-1644.8544,1382.5432,2010.2012,233.25479,1869.8921,2631.1296,-1610.2614,1283.3964,2328.1133,-144.45079,1898.2292,2762.635,-1778.4407,1268.612,2439.0269,-205.35677,1847.5719,2759.5815,-1892.9265,1275.9366,2437.4946,-400.0383,1828.979,2704.6248,-1647.261,1290.93,2412.4167,-241.31621,1703.2632,2463.6948,-439.27618,1482.417,2428.6704,439.0398,1652.7532,3052.935,-22.248463,1441.0522,2987.142,1093.9423,1695.1997,3472.4668,1367.0109,1528.9114,3379.4956,2454.5234,1747.5238,3542.21,1474.8357,1590.2589,3442.015,2569.6956,1481.6707,3664.912,979.1561,1364.3953,3553.1082,2237.902
IMG_20240117_160555.jpg,1393.3333,772.291,-1198.0027,1433.4958,710.9689,-1222.3276,1452.6185,709.20215,-1223.0935,1472.8585,707.6373,-1224.0076,1403.5808,713.02014,-1071.0,1400.7683,712.1743,-1070.6084,1398.5759,710.58887,-1070.9402,1564.7944,742.1969,-1097.0072,1470.1643,732.05457,-412.10205,1439.7274,829.69275,-1139.2239,1400.385,829.56946,-942.0853,1743.0494,1090.9468,-1298.0337,1441.5428,1142.5625,292.69565,1816.856,1603.3042,-1370.47,1457.9458,1630.5256,641.2717,1783.1631,2079.3633,-1343.8331,1415.1199,1982.267,175.48276,1813.0851,2217.669,-1514.5659,1383.4756,2096.2996,105.57445,1763.6832,2213.6057,-1606.5059,1381.3345,2092.2607,-98.805885,1734.609,2162.2097,-1371.8066,1405.1997,2061.4229,67.277016,1637.575,2035.0149,-469.80164,1443.0348,2015.2954,469.92694,1634.053,2682.4292,-311.11456,1437.6633,2645.7139,827.39233,1679.0747,3166.8955,819.20105,1583.6018,3131.4795,1956.91,1767.1445,3275.3882,893.298,1672.979,3201.7144,2036.4847,1449.7407,3383.8828,277.30383,1380.198,3329.771,1585.9548
IMG_20240117_160558.jpg,1457.5792,1497.6514,-1610.0878,1490.9355,1440.3151,-1631.3229,1507.5835,1439.4856,-1632.0098,1526.1838,1438.1708,-1632.9595,1469.6372,1439.8019,-1498.9883,1467.9036,1438.6378,-1498.9473,1466.1216,1436.8545,-1499.3535,1619.0636,1465.0789,-1471.5428,1528.1027,1458.8367,-876.77637,1498.0779,1552.4813,-1534.4785,1467.9691,1552.3763,-1363.805,1825.0906,1828.2158,-1596.5409,1505.8962,1819.4631,-155.07953,1866.8538,2346.6973,-1607.5983,1484.7119,2262.1702,216.69017,1844.7937,2802.8586,-1494.2083,1422.3242,2587.8782,-166.99313,1866.335,2907.017,-1646.273,1425.6261,2676.2075,-231.66003,1768.3125,2898.6938,-1740.9861,1424.7576,2676.7559,-411.2753,1762.4315,2847.9854,-1523.3538,1447.0702,2647.2947,-261.3189,1751.1174,2703.6875,-430.1531,1566.9968,2671.775,430.00507,1738.211,3275.1934,-105.687836,1557.6326,3211.0767,876.484,1843.08,3670.5967,1084.9155,1686.1835,3584.2336,2068.7722,1909.8025,3738.9146,1172.4066,1755.0135,3641.916,2166.153,1643.862,3860.4963,687.5437,1517.4774,3737.4253,1821.322
IMG_20240117_160602.jpg,1578.4604,1465.9961,-986.4003,1611.5387,1406.4921,-1104.9292,1625.0592,1403.2712,-1105.4348,1639.7971,1399.8206,-1106.105,1596.758,1409.6576,-916.6864,1598.9417,1408.1377,-916.61115,1601.0588,1405.6029,-917.1488,1735.3401,1421.2228,-1348.0117,1678.0928,1420.2946,-506.38324,1627.3589,1513.8551,-1051.6777,1604.3844,1516.7478,-807.9595,1949.2922,1783.1884,-1609.749,1693.9244,1767.9783,117.486984,1950.5823,2294.0293,-1630.2356,1699.2565,2206.9866,473.35608,1897.1569,2725.4028,-1335.2986,1607.1167,2547.7449,249.92252,1934.1228,2847.0784,-1471.6055,1611.7137,2646.3857,233.3024,1891.4993,2844.3699,-1524.3447,1618.5901,2649.5361,66.85809,1885.8435,2803.113,-1342.7999,1631.2095,2631.9846,162.43677,1886.9696,2653.3552,-476.11386,1727.125,2627.8289,475.5506,1880.1332,3266.9797,31.110428,1756.97,3199.101,1060.4058,1993.8965,3710.8071,922.39844,1894.6265,3615.7769,1978.2147,2062.97,3808.7495,978.2001,1944.752,3667.3271,2050.874,1776.5984,3889.3247,505.229,1709.2,3782.3208,1768.3125
IMG_20240117_160606.jpg,1520.8325,1099.2865,-962.15027,1554.196,1037.5111,-1078.6196,1568.9617,1034.9487,-1078.9572,1585.0009,1032.7388,-1079.3806,1537.0029,1039.7552,-883.1974,1538.491,1038.6263,-883.1129,1540.3462,1036.9357,-883.48694,1686.0385,1062.6353,-1306.2018,1621.8579,1058.3875,-436.18195,1564.1569,1154.2728,-1023.38965,1539.3638,1155.7659,-771.0273,1840.1642,1396.5607,-1676.7498,1669.9746,1419.6833,258.35547,1848.2385,1933.6738,-1799.9739,1690.2273,1911.9592,544.3435,1826.2877,2388.8354,-1588.307,1650.6559,2276.6355,280.85474,1832.6656,2505.9128,-1765.4395,1643.9717,2386.4036,281.37546,1785.1934,2511.1462,-1774.288,1641.4788,2383.848,100.06451,1779.2991,2463.0247,-1578.5786,1648.2393,2351.3052,190.70598,1771.6849,2333.9136,-552.1123,1685.5552,2304.6587,551.3994,1749.8662,2970.8745,-105.13493,1682.7981,2912.2656,1008.8733,1842.8467,3502.0225,605.22687,1799.8755,3417.622,1782.2539,1924.7266,3629.685,638.1124,1850.4314,3495.107,1836.8044,1592.3091,3670.9143,101.62834,1550.4661,3576.3743,1496.7642
IMG_20240117_160612.jpg,1674.2611,790.0211,137.26172,1686.8049,741.72144,-44.465225,1686.2881,741.95386,-44.376995,1684.734,743.0023,-44.587482,1701.1711,738.52527,128.05872,1711.2332,736.3823,128.2439,1720.1433,735.04846,127.39561,1726.7405,769.95044,-648.4514,1782.8427,762.3695,111.40588,1695.7212,842.34607,-60.095734,1712.2715,840.5935,159.5456,1717.1194,1082.1306,-1246.0931,1986.5813,1059.8011,418.3828,1629.1309,1621.4137,-1333.3772,2020.8596,1603.3376,498.97128,1546.8435,2031.5747,-862.3667,1854.0165,1915.4924,358.36966,1512.6417,2137.8486,-971.54553,1832.1587,2066.2534,397.19678,1515.0051,2139.5283,-941.05273,1796.9973,2072.1687,268.81427,1537.7485,2105.4897,-844.13837,1803.55,2046.3611,292.5645,1743.9338,1955.4305,-487.28275,1950.6628,1951.6599,486.25552,1725.2202,2603.6191,100.35988,1969.1194,2575.9658,1083.7451,1835.1812,3183.3882,639.2229,1981.7871,3125.5308,1734.8325,1912.4275,3296.684,667.4524,2028.1714,3241.4639,1785.2979,1638.609,3246.2778,332.95526,1835.1061,3183.0178,1559.252
IMG_20240117_160616.jpg,1691.0112,766.91406,581.45825,1681.3986,718.2699,416.92175,1670.4502,723.34424,416.67584,1659.1677,728.87537,416.44354,1718.3132,711.5228,467.4629,1731.7727,712.9712,467.61108,1745.23,715.12964,467.0743,1669.5743,770.9785,-158.2406,1783.1143,759.61475,67.14124,1686.1304,829.86414,405.6153,1722.0355,826.8439,471.58984,1571.2102,1099.4984,-408.73602,2012.0233,1103.0779,-103.24136,1489.6416,1552.9067,-293.45276,2026.3,1546.8756,90.45255,1392.6414,1925.6364,272.61108,1900.912,1945.072,674.72614,1367.8334,2019.4028,258.83694,1862.4635,2028.9321,735.7413,1375.9631,2026.7981,287.86166,1830.7042,2030.6644,704.0487,1399.9543,1992.7092,286.85757,1830.3022,2002.9319,661.4612,1666.4702,1921.4976,-86.38889,1906.6051,1901.1499,84.90319,1703.0227,2511.3433,555.2899,1867.6636,2512.2256,782.391,1725.1287,3037.262,1413.9634,1858.4961,3009.637,1696.0591,1714.9617,3106.8594,1485.2993,1838.0962,3083.0051,1783.5654,1727.3079,3107.2354,1261.1031,1843.0382,3110.6782,1567.2852
IMG_20240117_160622.jpg,1461.488,941.57666,-33.573975,1463.701,893.71606,-236.27248,1456.147,897.27014,-236.53247,1447.9749,901.1787,-236.81236,1496.368,887.0973,-117.53387,1511.7385,886.319,-117.4077,1526.5042,885.8718,-118.06267,1473.9049,937.77893,-902.34045,1588.3945,920.7179,-374.82507,1465.8542,1008.1144,-238.9891,1498.3684,1005.8563,-85.394196,1390.8835,1349.0603,-1269.48,1832.6257,1281.8539,-237.49728,1294.2894,1910.5491,-1208.4381,1861.6062,1826.2256,199.95645,1202.7937,2327.3904,-592.8801,1762.5908,2289.7507,822.0769,1163.1259,2437.043,-654.9391,1723.3987,2379.3657,912.83514,1178.339,2429.928,-644.2549,1705.5847,2389.65,825.1974,1205.3401,2393.8225,-576.0068,1713.1102,2361.9546,792.54407,1494.9296,2256.3186,-277.5109,1792.4373,2225.6707,275.1842,1531.4573,2904.2307,819.37524,1790.9517,2873.2502,1336.3296,1562.269,3438.8423,1797.5347,1790.6079,3414.624,2337.695,1617.1677,3599.339,1883.5293,1782.5164,3504.037,2440.561,1494.3191,3425.5156,1731.7504,1724.9143,3399.088,2347.93
IMG_20240117_160630.jpg,1713.8796,530.6824,338.75232,1694.4446,466.15356,86.90329,1678.5725,471.29236,86.68042,1663.5875,475.88098,86.25525,1750.811,453.1399,205.17859,1771.7761,451.63025,205.47342,1791.226,451.06372,204.83255,1677.4524,523.379,-781.797,1855.0593,504.33167,-256.22034,1697.8345,611.5597,64.84137,1751.7014,609.46265,218.86601,1562.1727,1038.6628,-1093.428,2183.9106,1020.3397,-389.58252,1446.986,1729.5586,-990.0388,2276.6362,1671.8452,-118.02541,1305.9204,2268.0237,-360.3416,2300.4285,2156.7795,528.63574,1252.8976,2391.6682,-379.70993,2281.2222,2345.892,597.20886,1255.4686,2396.3726,-376.95782,2243.3687,2271.0093,548.57623,1303.7698,2351.5015,-344.23853,2238.5735,2231.7664,511.26483,1737.5146,2216.4688,-188.18536,2120.1545,2182.4775,185.95274,1782.3071,3094.0317,797.48645,2044.8284,3057.9646,1198.049,1802.6001,3724.0786,1728.415,2038.2484,3682.7905,2127.7861,1810.677,3833.0864,1797.134,2016.3123,3779.5571,2217.6367,1814.571,3783.398,1609.5271,2019.5247,3698.71,2061.1108
IMG_20240117_160638.jpg,1577.1265,779.48706,-198.50125,1534.3105,726.4834,-369.9337,1511.8474,731.34155,-370.11432,1491.511,735.59216,-370.7142,1608.3772,715.1964,-322.40662,1632.0979,712.8932,-322.11615,1655.697,709.12366,-322.64175,1489.033,783.08276,-933.99084,1695.0156,745.0493,-718.6649,1550.4121,859.0553,-361.30878,1622.5046,844.97864,-297.7652,1354.6455,1269.3184,-1042.2831,1933.7589,1255.321,-848.04517,1235.5134,1805.2661,-821.9968,2073.234,1791.5266,-691.80237,1133.3671,2261.7156,-283.70688,2197.73,2270.411,-277.70853,1099.3457,2344.2573,-307.12994,2235.8003,2357.6995,-297.8871,1112.7057,2348.377,-319.63412,2206.0054,2354.2979,-307.0967,1138.7617,2318.9172,-277.49127,2179.3843,2319.6606,-281.3936,1519.6667,2171.7117,-99.8467,1860.0374,2190.0422,97.302246,1555.3894,2868.0632,1010.2998,1816.7988,2844.4207,1280.7855,1601.602,3417.4058,2135.0537,1809.8983,3387.9639,2367.6096,1611.5167,3529.2583,2226.407,1785.2449,3485.3438,2470.8115,1614.8103,3438.791,2071.2607,1803.282,3422.7139,2289.3384
IMG_20240117_160644.jpg,1247.9265,753.7118,-98.47039,1206.8328,690.72253,-268.34943,1182.4176,692.3495,-268.5854,1155.75,693.5128,-269.20538,1264.0164,683.50964,-242.31757,1282.396,679.45154,-242.04004,1302.6398,673.02844,-242.60197,1120.2534,738.532,-817.4424,1338.5519,701.371,-696.6803,1228.0747,816.0165,-249.35052,1280.3865,810.00696,-212.85184,908.40466,1248.6099,-927.6604,1580.7198,1279.0557,-871.32886,784.18713,1887.8455,-661.1651,1739.569,1856.9899,-657.4811,763.5504,2386.8423,-40.784927,1871.7865,2354.8284,-61.872063,738.98303,2501.083,-41.66157,1935.06,2468.2253,-39.079937,747.41064,2510.8809,-34.530006,1906.1487,2445.8472,-62.468132,813.1633,2437.0474,-27.561272,1862.3022,2409.7583,-60.290474,1094.0127,2330.3118,-105.291756,1461.1652,2324.2415,104.28694,1149.5985,3145.7412,923.67334,1436.0421,3116.0286,1237.0623,1178.561,3727.2158,2120.8616,1394.849,3718.0945,2395.8203,1176.0559,3833.0842,2221.084,1387.9595,3814.5479,2508.345,1136.7327,3787.5889,2079.058,1419.9492,3748.289,2329.3674
IMG_20240117_160651.jpg,1947.6831,484.46875,354.083,1906.4331,417.74255,265.52844,1889.7251,418.06177,265.30927,1872.7119,419.15356,264.7708,1944.3884,418.55347,161.5704,1954.8365,418.67175,161.87349,1965.6562,418.3258,161.72513,1802.5638,460.74695,-18.369022,1942.6938,452.18042,-486.36777,1920.7285,555.84717,295.06577,1956.7393,551.8657,160.35344,1537.1877,880.5171,116.10221,2023.7075,891.13403,-979.7373,1588.9032,1473.1956,324.89722,2156.0352,1519.0193,-839.38745,1726.9662,1785.458,595.2326,2247.7053,1937.6364,-183.22891,1735.846,1857.2491,681.70654,2340.168,2146.4424,-193.69011,1790.4133,1833.8054,610.0824,2329.9583,2126.5479,-161.08719,1803.2031,1813.447,572.4884,2292.8242,2098.9863,-158.78766,1629.1555,1977.2144,291.80823,1921.7417,1976.9719,-292.76538,1686.3,2714.5552,1163.5498,1937.073,2732.558,687.5801,1699.0005,3346.2212,1966.0485,1938.3154,3387.0327,1584.3674,1695.9646,3460.731,2040.2142,1952.6057,3486.2607,1682.0752,1783.1298,3342.308,1952.996,2074.8613,3424.8596,1539.4282
IMG_20240117_161332.jpg,1536.8859,629.10864,-28.201756,1494.0896,553.5194,-165.10489,1478.1472,554.1139,-165.51385,1462.6932,554.8699,-166.19482,1532.7072,555.61145,-220.00378,1544.1494,557.359,-219.81271,1558.0239,558.94556,-220.0698,1402.6144,611.5426,-570.9716,1550.0057,612.3821,-816.39825,1515.4658,718.68396,-127.73804,1553.4138,720.8424,-195.8687,1172.5132,1126.7482,-487.176,1668.8698,1204.2677,-1105.7246,1183.2323,1773.7771,-293.62308,1754.3105,1869.0326,-949.4973,1346.5266,2077.4414,32.568096,1838.1112,2307.5566,-617.08276,1378.4382,2180.3572,65.93677,1846.2551,2433.5042,-683.6532,1494.3892,2155.7485,-13.654631,1836.9489,2417.269,-696.0918,1502.2444,2135.522,7.6713967,1827.698,2375.1736,-625.4754,1361.2416,2239.9536,151.8876,1606.6663,2309.0315,-151.29877,1338.5208,2777.9536,1315.5027,1516.4473,2814.276,1054.0836,1353.6494,3281.6992,2377.011,1489.7443,3317.8572,2172.4736,1311.5173,3390.0159,2478.2568,1463.7083,3430.8403,2292.7358,1403.8932,3260.3994,2498.9993,1565.1749,3305.113,2316.4973
IMG_20240117_161335.jpg,1906.5415,200.18713,-4.035226,1866.2568,131.79639,-92.502884,1854.6572,133.03857,-92.438255,1843.9722,134.45703,-92.70071,1885.0712,130.94824,-215.84955,1886.6606,131.25476,-215.42647,1888.9412,130.97327,-215.68391,1773.0637,175.21057,-251.28265,1847.0251,167.2876,-796.3965,1874.6722,274.07568,-2.4590187,1896.8339,277.9685,-158.9454,1445.1687,591.124,183.00644,1931.5828,613.77954,-1314.0615,1385.0687,1097.9409,917.2859,1906.4154,1384.9861,-1243.0657,1672.5352,1135.1405,1772.8927,1953.9209,2049.9385,-749.40027,1696.7437,1127.8502,1941.4332,1961.7512,2212.9785,-794.8202,1760.2302,1099.5006,1863.8796,1950.5189,2220.835,-812.1846,1777.1519,1118.1171,1762.6804,1938.3362,2157.8079,-737.2242,1422.7427,1888.5828,466.67493,1708.2667,1943.2886,-467.83258,1301.5819,2769.2168,1105.8906,1524.9176,2821.3035,419.4325,1249.0886,3529.7788,1772.2515,1409.0679,3616.9834,1186.6722,1158.1469,3654.241,1824.6412,1316.7303,3763.9658,1263.7477,1383.2291,3573.0225,1722.9861,1626.1732,3691.4915,1148.9313
IMG_20240117_161340.jpg,1543.789,726.1846,-1840.816,1562.5089,624.19006,-1780.9285,1577.554,625.97375,-1781.0076,1594.2329,628.13745,-1780.937,1517.1154,619.8146,-1792.4521,1500.3724,619.803,-1792.7003,1481.9856,621.48157,-1793.153,1581.3887,656.4619,-1311.1034,1417.9575,660.3235,-1375.3448,1568.5007,800.7163,-1655.3542,1493.7592,793.8579,-1673.1277,1920.9529,1202.9856,-1047.7563,1028.5867,1195.7391,-1083.7095,1990.2737,1822.7297,-692.12604,1021.3937,1782.8071,-865.3493,1934.6063,2310.571,-1040.9713,1048.6798,2263.291,-1272.3743,1931.4578,2441.1797,-1223.4377,1060.0109,2421.3662,-1456.5182,1876.8723,2430.0615,-1374.1584,1099.7244,2405.262,-1638.6947,1856.5366,2377.9888,-1102.3285,1115.1355,2354.6248,-1358.0437,1698.1006,2246.2603,-22.339157,1297.6992,2273.4287,22.323063,1636.819,2930.2307,693.8762,1333.526,2908.7666,795.49927,1591.6616,3331.0264,2732.6377,1364.396,3344.1465,2710.641,1569.0691,3360.0195,2900.794,1402.074,3377.9058,2875.5212,1568.8086,3556.8484,2331.0183,1369.0476,3598.6797,2287.609
IMG_20240117_161344.jpg,1371.7268,709.63574,-751.1066,1363.8036,647.4739,-935.12134,1354.7085,650.03625,-935.19415,1346.4088,651.1737,-935.36334,1384.3821,634.1045,-876.5829,1393.9248,629.0364,-876.5649,1403.4341,623.21216,-877.1549,1362.8083,674.6958,-1387.0258,1468.8572,648.3402,-1133.582,1392.0986,780.85,-860.72107,1393.594,769.92847,-785.9806,1204.9983,1155.8085,-1547.7263,1761.5486,1016.68945,-860.234,1191.2971,1740.7539,-1287.6332,1947.1029,1617.957,-244.64809,1187.859,2145.4473,-592.1734,1762.5326,1938.2603,581.7844,1179.7903,2255.1865,-622.9518,1738.977,2019.3408,664.3388,1187.865,2243.7573,-658.4132,1697.1017,2004.543,602.4893,1199.0944,2202.0203,-592.0482,1695.4121,1983.6992,571.53735,1407.452,2121.2456,-315.40564,1696.4707,2078.1929,313.3233,1476.8433,2714.0264,1140.1594,1702.1495,2655.722,1688.5728,1548.2146,3211.1328,2410.126,1695.0194,3137.8018,3024.717,1568.856,3320.7285,2529.5786,1718.2849,3256.0938,3163.8154,1381.8441,3167.455,2443.4497,1536.4384,3098.1978,3163.5737
IMG_20240117_161347.jpg,1655.1631,790.6671,12.791227,1671.0901,729.0199,-144.22342,1672.4167,729.63586,-144.3722,1673.0276,731.3573,-144.38647,1681.7458,723.47754,-39.644634,1691.6047,720.84937,-39.728252,1701.5513,718.8639,-40.576424,1721.0117,767.37756,-530.70593,1774.0334,757.2175,-85.73215,1670.7997,845.3458,-79.42897,1685.536,840.0825,46.941097,1547.1746,1088.5292,-972.73004,2035.3215,1098.6212,318.50366,1453.156,1666.2305,-1003.57104,2064.2217,1563.7557,820.4331,1385.3784,2118.7495,-394.39297,1811.2473,1797.9243,1406.238,1367.1191,2221.652,-398.6099,1774.0889,1864.31,1577.2793,1365.6528,2222.3416,-383.40897,1728.5139,1845.3191,1469.1771,1379.8254,2192.9148,-367.25504,1727.7825,1831.957,1375.0691,1619.1108,2123.848,-421.74194,1902.1304,2133.106,418.98608,1622.8992,2830.6055,222.11703,1876.4292,2808.3247,1061.7452,1636.3033,3482.4941,717.56226,1834.4497,3459.1914,1712.8721,1669.9698,3633.917,766.8842,1843.3711,3584.4602,1776.1409,1421.8027,3514.8887,648.5889,1685.8657,3460.662,1674.6881
IMG_20240117_161352.jpg,1300.1599,631.63257,-1829.4993,1335.4924,565.00037,-1947.2441,1351.2134,563.66565,-1947.8684,1369.4532,562.31055,-1948.9089,1315.3611,558.74255,-1751.295,1315.3049,552.9236,-1751.19,1315.866,546.58984,-1751.5962,1491.0244,588.75977,-2097.2026,1411.4895,567.2289,-1225.3027,1352.4226,699.078,-1847.3391,1325.5475,693.1675,-1595.358,1681.0155,1005.76874,-2356.3135,1459.0863,920.90594,-317.4336,1716.1741,1591.8073,-2482.2441,1451.9126,1394.8956,313.98825,1645.4285,2102.353,-2317.2764,1432.3518,1786.1858,286.73987,1654.9523,2226.0737,-2551.2002,1409.0547,1884.1184,308.00308,1593.7891,2220.792,-2572.7817,1372.3331,1888.9446,94.4793,1584.6448,2175.1077,-2313.9922,1404.724,1860.8024,192.33337,1621.3679,1920.7085,-576.68756,1468.4578,1883.6034,576.5231,1640.2416,2529.109,499.09143,1542.646,2430.2295,1818.6636,1670.1018,2999.9727,1696.7179,1597.3557,2864.6626,3259.1206,1742.8867,3091.5625,1787.2826,1635.0483,2950.3472,3397.835,1431.9652,3131.0032,1305.1306,1367.2065,2982.8945,3177.3877
IMG_20240117_161354.jpg,1360.8035,1083.1315,-1673.4783,1391.1758,1020.43567,-1789.274,1403.5391,1020.46594,-1789.7881,1417.6425,1019.9678,-1790.6558,1375.9653,1016.8042,-1610.5098,1377.2047,1014.5292,-1610.429,1378.7998,1011.1228,-1610.8378,1527.3225,1039.004,-1961.6609,1476.8159,1026.2305,-1162.5815,1400.1193,1138.4077,-1703.3064,1377.3743,1135.018,-1472.5304,1737.3922,1407.2814,-2098.0364,1457.2891,1345.5406,-417.98926,1751.2051,1934.6636,-2138.0027,1428.6034,1761.8391,150.36824,1670.8242,2433.6003,-1966.6732,1360.4607,2042.5029,137.56561,1678.1144,2538.9753,-2165.3203,1342.8931,2169.0566,133.00548,1623.2751,2530.2466,-2225.6445,1323.5571,2173.9504,-50.415947,1618.2675,2495.5315,-1979.3196,1341.6692,2127.9526,52.632988,1657.065,2200.527,-468.8814,1464.2317,2186.3784,468.67612,1673.9973,2785.2617,549.72705,1554.7046,2728.5696,1531.9146,1701.9877,3212.2314,1728.8555,1590.8894,3111.8057,2820.619,1767.6228,3283.2476,1816.398,1634.0564,3176.3728,2939.501,1525.104,3369.1665,1341.0758,1416.3241,3223.3403,2671.5466
IMG_20240117_161358.jpg,1707.9913,706.996,-1311.3373,1760.1101,648.407,-1337.6987,1784.1266,649.36194,-1338.0054,1809.7146,651.80457,-1338.1946,1723.6016,647.36646,-1208.8081,1717.7483,646.4182,-1208.6675,1711.0869,645.7716,-1208.8025,1903.0574,708.5686,-1195.3079,1767.3204,686.2123,-601.09705,1749.4485,786.6538,-1241.6243,1701.6443,784.4656,-1070.5359,2122.249,1132.5901,-1187.3907,1607.0442,1151.1316,-10.264448,2152.4065,1653.9966,-1172.054,1488.9587,1640.5107,412.27545,2025.0725,2133.3445,-1408.8427,1393.5422,2020.3093,-60.948772,2017.1226,2260.979,-1590.2688,1358.4026,2151.4075,-167.5281,1968.9521,2243.1685,-1723.2466,1378.9729,2146.7402,-386.46744,1956.7075,2205.5522,-1449.9513,1402.0712,2111.9717,-166.45834,1893.7672,2050.4634,-336.31152,1589.7346,2025.7502,335.42993,1858.5459,2746.7312,-232.677,1624.7969,2730.5708,566.8333,1793.4998,3350.4092,844.62415,1604.495,3299.6963,1583.0079,1786.435,3420.7969,899.5944,1632.335,3379.7954,1647.0635,1710.1909,3607.777,173.01196,1461.7598,3493.3184,1100.8434
IMG_20240117_161403.jpg,1609.624,840.13086,-1951.2327,1647.3752,782.5126,-1885.0894,1669.8071,784.99646,-1885.17,1685.6086,788.03345,-1885.2505,1578.0034,781.1647,-1867.6562,1555.9705,781.70715,-1867.8411,1538.2512,782.9479,-1867.9647,1727.27,822.4092,-1376.0908,1523.5361,815.6345,-1296.6155,1654.552,901.51587,-1751.042,1566.6709,897.10254,-1728.7715,1913.2922,1182.6798,-1025.4733,1378.6796,1171.242,-831.8026,1938.529,1617.3237,-787.97955,1301.4613,1578.3508,-555.6851,1902.0842,1985.3053,-1153.4745,1278.3218,1909.1338,-991.48364,1906.0596,2091.3726,-1313.8499,1255.9498,2022.1733,-1138.9506,1873.114,2080.4114,-1448.1045,1302.2639,2014.6969,-1312.5969,1860.758,2050.3442,-1208.5559,1317.6553,1982.691,-1070.2382,1744.6626,1924.849,-74.50061,1452.0596,1903.127,73.86698,1721.8562,2402.159,288.4654,1491.688,2387.526,545.3334,1717.9382,2802.233,1507.1411,1515.9708,2780.8562,1760.6699,1704.648,2835.123,1594.5034,1534.602,2822.9563,1856.5906,1707.1725,3000.7573,1021.83276,1473.648,2970.4646,1321.4968
IMG_20240117_161405.jpg,1411.0465,918.9199,-1531.3633,1451.0074,879.16797,-1435.7905,1473.9039,882.85315,-1435.9204,1493.5457,887.0072,-1435.7603,1380.655,878.3098,-1425.7958,1360.1193,882.09314,-1425.6736,1338.8411,887.1185,-1425.7164,1536.6094,925.58057,-852.91534,1319.6101,932.56055,-806.4564,1460.6277,991.25793,-1313.3931,1372.3032,993.11707,-1300.7632,1734.3474,1284.7339,-506.36517,1184.0415,1314.2112,-370.4061,1806.1531,1720.564,-270.03754,1102.8109,1750.0841,-74.41014,1812.343,2085.8162,-827.1216,1072.6326,2113.5032,-565.6884,1817.8657,2199.3684,-997.9564,1068.85,2230.9553,-725.6226,1772.4338,2188.8499,-1177.6123,1110.9268,2224.5576,-923.37915,1757.367,2164.168,-903.78186,1124.858,2191.475,-655.9733,1608.9634,2100.473,-27.676609,1296.1288,2101.733,27.170147,1624.1052,2706.643,-30.308502,1332.5481,2698.1301,41.90692,1625.1135,3263.8657,880.20703,1348.0618,3262.6118,958.43884,1586.7034,3326.745,922.098,1372.7721,3324.5537,1004.1697,1640.8032,3477.7407,169.41911,1312.8859,3459.3262,285.53735
IMG_20240117_161409.jpg,1491.2944,1043.0963,-2113.0603,1502.081,986.7943,-2031.2188,1515.2465,987.68787,-2031.0332,1527.5228,988.1344,-2030.8049,1448.9209,982.3457,-2090.5884,1423.0908,980.3706,-2090.89,1393.7838,979.04333,-2091.0544,1521.0002,1009.84485,-1396.5863,1324.1207,1008.83203,-1690.1978,1508.2202,1106.2637,-1860.0992,1448.5203,1104.7291,-1943.7385,1667.8707,1345.2776,-819.6946,1127.0139,1355.467,-1341.8597,1727.9043,1764.9312,-385.32477,1084.6234,1843.0227,-1209.1246,1729.7302,2106.8523,-836.10876,1102.2347,2224.1797,-1502.0541,1740.8059,2221.4854,-978.1646,1102.0769,2341.776,-1665.9585,1710.5892,2217.3052,-1148.002,1150.3223,2329.551,-1795.1523,1696.3671,2177.2827,-910.64777,1161.5585,2298.2683,-1553.4679,1581.5085,2140.0083,183.85114,1288.3784,2160.9514,-184.78531,1517.2377,2676.84,767.8407,1274.5012,2693.2168,251.66144,1488.1431,3120.8896,1908.9907,1272.921,3147.217,1378.8716,1453.3877,3170.912,1993.7571,1269.3217,3193.6555,1462.0566,1583.396,3317.9006,1480.6147,1312.0214,3360.1375,831.22253
IMG_20240117_161411.jpg,1517.3022,1121.0398,-1984.611,1516.076,1065.9343,-1884.4998,1526.5126,1065.7356,-1884.5042,1536.9196,1065.6847,-1884.4297,1471.4746,1066.6268,-1956.1505,1447.874,1067.3281,-1956.3799,1421.1207,1070.1824,-1956.6211,1526.0049,1091.3528,-1199.083,1356.4304,1108.4415,-1544.2522,1536.5286,1180.98,-1716.9158,1483.3738,1183.452,-1815.6515,1704.1094,1428.7825,-572.1978,1201.6935,1472.9302,-1228.0146,1798.6963,1835.044,-161.01328,1189.5106,1948.6934,-1119.3873,1852.344,2173.77,-725.00653,1247.1569,2330.7437,-1474.917,1879.537,2277.3499,-888.01917,1259.0822,2450.6113,-1658.2839,1849.9863,2277.834,-1078.683,1307.1841,2428.9758,-1802.2988,1830.6855,2246.9402,-813.7059,1317.1082,2394.7854,-1531.9829,1684.2639,2220.8245,243.51135,1414.0142,2257.5647,-244.39403,1681.392,2785.2036,761.99146,1447.3491,2802.8513,40.256935,1692.2229,3251.7327,1901.2328,1476.6484,3305.784,1091.027,1648.6741,3314.5352,1980.6819,1457.7266,3358.0828,1160.5436,1813.8777,3443.4602,1418.2672,1559.9255,3523.7505,472.37173
IMG_20240117_161415.jpg,1533.1256,951.34033,-2054.9307,1528.803,891.5713,-1948.4956,1536.7412,889.8805,-1948.3872,1544.0471,888.30835,-1948.3027,1485.2595,891.89465,-2064.2144,1458.6663,891.7345,-2064.6099,1428.1195,891.1365,-2064.914,1500.9174,906.32996,-1248.8706,1342.0742,918.4188,-1789.884,1538.2117,1019.12427,-1778.0796,1489.2992,1020.1074,-1933.1019,1623.5569,1254.8547,-516.68463,1165.198,1306.9651,-1716.8533,1682.1589,1708.8552,-72.27406,1144.4204,1844.4084,-1814.7777,1762.7109,2071.9543,-441.8496,1261.6108,2291.809,-2046.5854,1772.0454,2187.9048,-542.1131,1259.3763,2424.1453,-2252.2568,1768.5002,2187.3635,-712.6975,1321.1079,2408.1228,-2319.8765,1753.2924,2147.4617,-526.8696,1335.0854,2364.3977,-2072.0986,1646.4246,2142.3242,368.79776,1386.809,2190.8613,-369.84344,1596.0054,2712.5027,1255.6569,1393.4673,2758.689,382.21423,1602.0942,3135.6418,2374.3252,1406.1669,3222.8872,1599.8668,1563.1952,3209.3555,2461.246,1379.61,3281.6477,1696.1034,1758.502,3320.2588,2031.0864,1530.8258,3447.086,1106.7825
