IMG_20240117_160747.jpg,1406.3142,1177.3768,-780.3561,1401.6489,1128.1589,-642.0927,1408.2881,1127.9832,-641.8296,1414.6062,1128.2498,-641.57275,1365.6267,1129.4475,-760.79065,1344.0549,1130.467,-760.8464,1321.052,1132.3198,-760.9659,1383.2112,1155.7551,-2.2406151,1246.4504,1163.613,-560.6757,1411.9281,1226.3904,-543.8547,1370.1702,1228.3428,-706.53796,1451.8816,1412.2375,461.188,1117.9028,1405.154,-861.4353,1546.5084,1032.1124,767.3024,1164.7684,1016.36084,-1563.5625,1476.5387,679.6864,644.3017,1323.7383,631.2667,-1516.9038,1460.3988,571.43335,566.06146,1367.0465,539.4778,-1694.9073,1441.2935,572.8181,545.79626,1367.092,530.8861,-1634.9161,1438.0155,618.287,604.6472,1358.5984,566.89465,-1503.0126,1469.304,2266.695,442.1599,1230.6577,2281.7224,-443.4832,1505.0093,2774.732,1359.7664,1104.7893,2869.9592,-518.9514,1519.5723,3262.2422,2361.2666,932.14343,3424.8865,-248.4332,1467.8029,3340.5664,2435.8418,864.22144,3480.3335,-248.72583,1679.6172,3452.1455,2059.5168,1033.8691,3689.416,-924.61926
IMG_20240117_160756.jpg,1054.7294,1073.183,-1129.5758,1063.7113,1043.961,-1039.1656,1072.3923,1044.2882,-1038.8572,1081.8391,1044.8397,-1038.803,1031.1844,1044.5013,-1079.5481,1017.92554,1045.3782,-1079.6917,1005.06244,1046.3641,-1079.9623,1082.9347,1062.931,-584.1061,975.62756,1064.1105,-774.46716,1068.4398,1103.4829,-960.0149,1028.4122,1103.6798,-1016.197,1161.1488,1195.053,-346.45883,902.87396,1218.7456,-850.06433,1177.9408,954.03174,-392.4176,896.03125,969.7357,-1325.3932,1136.9261,701.0339,-465.2462,979.5187,700.807,-1350.9039,1112.8646,627.28595,-546.4663,1005.2242,633.83,-1492.633,1092.6726,621.0422,-552.9306,1010.46497,624.54504,-1435.8917,1092.0695,645.3135,-486.80075,1008.94196,646.8866,-1346.0593,1175.0962,1794.766,125.6145,978.1307,1807.5779,-126.75774,1216.071,2168.446,545.2427,916.40045,2186.9495,-42.194115,1270.6001,2467.464,1452.5889,835.29114,2555.9475,547.5182,1245.4102,2511.4756,1521.1545,832.58246,2596.502,581.73706,1341.9888,2610.3418,1131.1235,805.38635,2732.422,76.63499
IMG_20240117_160759.jpg,1172.104,1472.0347,-838.2587,1181.9032,1441.7576,-744.0857,1189.4553,1442.0571,-743.8787,1197.435,1442.3871,-743.8682,1150.6404,1440.9404,-802.41,1135.2476,1441.2809,-802.518,1119.9102,1441.6123,-802.73645,1186.8672,1456.2924,-298.4213,1076.0153,1452.364,-571.9783,1177.1356,1507.8889,-673.22534,1136.7074,1505.1547,-753.30676,1247.0515,1616.5833,-55.369114,974.22046,1603.5055,-714.3515,1305.3011,1391.3956,38.512913,984.81036,1353.5111,-1199.4261,1270.4944,1119.8002,52.693554,1107.0906,1091.991,-1197.7904,1265.8794,1033.2708,-7.974001,1150.357,1021.1696,-1337.1936,1246.9852,1022.74225,-22.88907,1157.8344,1011.9777,-1272.1646,1239.3577,1043.1936,29.441305,1149.8445,1034.253,-1188.4224,1221.5319,2207.0933,198.89581,1020.84625,2220.0415,-199.61928,1261.4586,2549.2268,658.8088,921.0687,2605.894,-237.41837,1258.4182,2788.0999,1748.2596,861.28094,2917.8025,315.98996,1210.3121,2826.0151,1841.2405,849.61884,2935.5325,352.0044,1342.0062,2948.9465,1570.9998,855.9801,3095.2976,-129.74716
IMG_20240117_160803.jpg,1067.831,1141.3552,-1315.3406,1084.8273,1099.985,-1222.3901,1098.9817,1100.0143,-1222.1835,1111.2065,1100.4655,-1222.4258,1037.3431,1103.8987,-1222.6991,1019.291,1106.2855,-1222.8643,1004.4399,1108.433,-1222.9181,1121.0657,1121.2406,-788.1892,981.2996,1132.0675,-784.70233,1096.2883,1179.5284,-1158.2512,1040.3969,1177.7303,-1158.276,1225.8788,1287.2755,-774.02075,893.9492,1322.7908,-738.155,1233.3322,997.0531,-1128.7045,838.9533,1027.151,-1084.4731,1172.6687,675.7149,-1307.8894,891.677,708.39417,-1162.9124,1159.0166,592.08466,-1463.2709,899.9536,619.5669,-1320.6023,1127.5686,583.7422,-1457.3295,918.31665,596.7709,-1279.2377,1123.9297,609.31836,-1330.6075,927.2774,622.9824,-1177.203,1218.7189,1959.9847,20.771524,971.6976,1968.6436,-21.630222,1294.226,2378.1494,112.980225,929.2154,2398.3477,76.47153,1358.203,2634.8142,1339.0162,892.38525,2711.4893,1091.9417,1338.8777,2673.7253,1440.2001,906.54474,2723.0278,1167.4086,1399.858,2842.9033,977.1196,855.6933,2915.808,657.8445
IMG_20240117_160807.jpg,1078.2529,1140.5925,-1138.758,1111.8977,1096.8579,-1086.4703,1130.5793,1096.0936,-1086.4877,1149.4191,1095.7549,-1086.8158,1067.0305,1102.4851,-1014.80566,1056.4292,1104.548,-1014.7826,1046.9705,1105.8269,-1014.8278,1190.6353,1116.1641,-814.08844,1065.3662,1122.2313,-465.9107,1124.0975,1181.4507,-1039.4486,1071.102,1179.8512,-941.8531,1299.8442,1298.1462,-942.5439,1015.92,1311.5134,-196.63145,1293.5865,1018.65576,-1399.4054,925.79083,1037.4937,-159.66179,1211.5255,696.6019,-1468.3182,982.7522,700.27094,-280.65634,1181.5988,613.4165,-1623.2466,1011.5083,614.1681,-415.4334,1155.9353,604.19446,-1601.1764,1028.107,599.5262,-407.31506,1157.2904,630.6224,-1474.4343,1031.2139,626.7327,-312.77686,1200.8052,1939.3854,-212.57738,995.0415,1923.1733,211.86784,1269.3949,2287.106,29.269564,956.3639,2275.8687,773.04004,1337.7365,2617.9988,728.50665,948.982,2536.7603,1783.8512,1349.2727,2650.223,769.34094,975.50916,2567.0315,1860.6046,1317.3811,2799.0576,203.66653,852.4866,2678.358,1486.3694
IMG_20240117_160810.jpg,1212.0582,976.8744,-801.0606,1250.2562,934.0959,-737.515,1266.5554,933.3909,-737.5231,1284.4374,932.8023,-737.74963,1206.2834,939.5064,-667.8108,1196.7186,940.8763,-667.7519,1187.4592,941.7761,-667.6507,1324.4697,956.614,-449.8784,1205.7885,957.114,-107.039406,1250.2753,1015.3328,-698.97516,1201.2357,1013.6935,-602.3346,1421.5868,1131.8348,-648.12683,1156.4879,1161.6667,160.74965,1393.3031,867.02686,-1176.576,1064.0353,900.0546,84.69534,1291.443,571.6109,-1321.2379,1126.325,599.5796,-145.3995,1268.6211,500.8482,-1494.4941,1150.7444,524.2957,-286.43573,1262.3446,500.5516,-1466.2803,1170.8696,517.1509,-290.102,1264.4017,529.26556,-1329.0072,1171.173,548.5497,-182.88081,1326.7028,1776.626,-279.67413,1132.7632,1765.4781,279.6632,1395.9607,2185.9553,-289.0892,1078.4236,2152.279,864.235,1476.8588,2592.0312,79.3881,1081.4926,2470.397,1793.74,1487.0387,2630.0078,79.54967,1108.9241,2527.7708,1854.6969,1439.271,2773.5786,-578.40656,974.02313,2608.2864,1460.4008
IMG_20240117_160815.jpg,1520.4705,927.975,-963.32404,1552.0669,892.27216,-908.1865,1567.3568,890.9051,-908.11395,1582.355,890.3337,-908.26874,1506.7439,900.0221,-866.2111,1494.6603,901.73334,-866.2052,1482.6432,903.06616,-866.1772,1607.7583,914.7152,-604.10394,1487.8107,922.5791,-393.6142,1554.4078,962.39,-849.04517,1502.67,962.56604,-790.25555,1709.3517,1066.0308,-660.01306,1430.9745,1106.0924,-209.79166,1690.4634,801.1904,-1027.7103,1344.3015,857.0805,-397.77213,1576.0641,546.68915,-1123.0095,1412.1976,587.2541,-589.53394,1548.5155,481.11417,-1270.4827,1428.9377,515.1142,-728.7627,1538.2244,479.7248,-1254.0403,1444.3701,505.8301,-716.3256,1539.9786,504.72937,-1132.8125,1447.6019,531.1016,-613.36816,1693.4717,1681.7463,-147.68454,1474.4321,1685.4706,147.18153,1800.9371,2089.3567,-118.881775,1438.0869,2068.8396,564.11237,1891.0494,2473.336,306.16092,1443.8494,2416.37,1313.448,1878.6337,2519.4385,313.4808,1470.0945,2457.6858,1358.4474,1929.5369,2626.9353,-252.06729,1356.5602,2544.7888,969.48956
IMG_20240117_160820.jpg,1272.055,831.05237,-686.0058,1314.2139,790.60284,-607.64417,1331.7288,791.8391,-607.70386,1350.258,793.89667,-608.0248,1269.2976,791.8805,-543.5052,1258.747,792.5546,-543.36975,1249.754,792.99384,-543.3434,1389.2148,831.2455,-296.3351,1266.9408,820.9949,21.266745,1312.069,882.71747,-579.48456,1257.6068,873.37634,-490.43646,1481.3069,1021.5007,-542.9923,1198.0453,1039.4039,264.8075,1486.1915,687.30615,-1051.1151,1102.6742,727.17303,256.5123,1394.7465,384.6248,-1050.1672,1192.943,421.90903,195.66054,1376.2081,310.12115,-1198.3835,1220.74,340.64508,61.776264,1360.3511,314.66882,-1170.2074,1242.3896,342.04703,87.76369,1358.0662,345.73987,-1057.3036,1243.6324,373.98358,164.75713,1373.0186,1755.0834,-247.36974,1149.9415,1735.2179,246.91196,1460.6362,2205.3718,-132.05942,1076.6793,2166.453,664.20105,1541.8708,2641.3787,393.10577,1076.2008,2555.952,1418.1106,1542.8248,2688.8694,410.8202,1111.6577,2617.774,1461.7128,1519.9885,2834.39,-204.211,929.25476,2705.1921,1041.5048
IMG_20240117_160825.jpg,1161.2183,891.91925,-608.7026,1195.3232,851.97864,-610.18207,1206.685,852.0193,-610.3714,1218.8285,852.85156,-610.59467,1176.2628,852.2157,-503.8259,1174.6249,852.0817,-503.86172,1173.9569,852.29663,-504.0369,1269.7327,880.436,-556.3396,1213.65,875.69556,-52.987045,1189.7692,934.5527,-583.24335,1165.6155,930.4702,-440.05386,1359.3013,1058.3182,-858.2926,1199.3473,1079.6859,286.17194,1286.553,758.1766,-1414.8824,1097.8949,804.6581,500.77914,1204.829,499.18723,-1548.7542,1097.4277,516.5427,327.6254,1192.9913,419.88892,-1696.3761,1102.4193,443.3306,246.38289,1193.0592,414.7923,-1658.25,1120.9432,437.9648,198.63411,1195.0164,445.16763,-1545.5922,1124.4498,469.3802,276.8059,1306.5312,1735.4095,-389.2434,1163.5686,1717.4403,388.23468,1362.5859,2132.882,-293.06763,1141.251,2079.8228,966.99713,1454.5511,2559.952,-50.876312,1192.6122,2397.4248,1724.0427,1531.7883,2613.3345,-53.227875,1265.4739,2462.8445,1777.913,1322.4382,2731.845,-578.8226,1034.9758,2525.8262,1545.9401
IMG_20240117_160828.jpg,1092.6007,1124.634,-639.2846,1119.3147,1085.4108,-685.9896,1128.4622,1085.0751,-686.1037,1137.8325,1085.3617,-686.3525,1104.7148,1084.1903,-575.20514,1103.6002,1082.7,-575.3703,1102.9027,1081.3226,-575.531,1182.5552,1104.7498,-767.64575,1138.3011,1096.9325,-247.72148,1115.9059,1161.7059,-651.62006,1097.3597,1157.7528,-503.83386,1272.7937,1270.3662,-996.56793,1131.5491,1254.1698,71.51886,1160.5038,994.3981,-1341.6412,997.3622,1014.229,350.76154,1037.0396,709.6059,-1351.1597,983.8545,729.2765,221.76122,1025.061,618.2547,-1492.784,989.44867,660.60645,148.21841,1033.893,613.4858,-1462.5552,1000.48315,656.373,104.99735,1033.9062,648.5994,-1348.5266,1001.1428,685.84644,178.24556,1224.0253,1921.568,-376.01892,1122.9908,1884.7994,375.02277,1238.2533,2253.2004,28.847008,1101.2583,2183.262,1085.9244,1383.1582,2602.6462,506.97058,1228.3339,2487.4937,1934.383,1448.0312,2658.6687,539.65857,1266.3013,2535.5208,2011.9525,1247.2549,2759.6907,138.03099,1075.4968,2543.9338,1879.3888
IMG_20240117_160834.jpg,1155.1561,962.42267,-584.6154,1184.3441,919.7813,-642.08154,1194.2896,919.78876,-642.4669,1204.2698,921.0263,-642.94055,1171.0923,916.8247,-528.7981,1172.1293,914.04346,-528.99054,1173.0831,911.92316,-529.2627,1247.8167,943.24756,-765.17664,1198.8574,930.06744,-239.98596,1182.2766,1001.81274,-607.8912,1167.3794,995.45544,-458.2044,1327.9106,1124.0764,-1063.9252,1181.0403,1110.7166,69.417946,1223.8744,841.64453,-1640.095,1071.2078,861.3624,491.5804,1110.7444,517.2539,-1930.2283,1038.9814,535.1876,473.92065,1090.4465,401.66547,-2103.0415,1040.6545,441.80057,430.5337,1108.1653,381.84067,-2072.4817,1057.093,427.39746,355.2768,1113.4728,429.21506,-1930.9147,1062.172,473.5174,425.43625,1250.3336,1842.5499,-381.6526,1161.4745,1799.6677,380.9187,1268.5334,2224.882,78.91318,1178.4174,2128.5627,940.6324,1403.6853,2595.6643,586.8978,1298.8617,2451.47,1665.4137,1478.0985,2668.0547,627.13116,1333.5653,2535.9487,1731.6016,1238.1823,2771.1782,286.6184,1117.4126,2531.9731,1609.413
IMG_20240117_160838.jpg,1157.2035,895.5422,15.681471,1169.7004,866.44867,-72.49694,1169.5089,867.3152,-72.491394,1168.5012,868.09436,-72.28474,1178.228,865.06134,42.321484,1183.6932,865.29205,42.22495,1188.7383,865.5933,41.98333,1187.8337,889.4827,-308.6339,1218.4752,887.8417,206.32373,1163.2709,926.66797,-52.526302,1169.9087,925.9779,95.13713,1162.8926,1021.52527,-689.6515,1304.6216,1084.9465,542.62775,1043.8645,793.48285,-1297.5879,1269.5808,1208.3405,1140.725,985.8177,508.91168,-1541.1821,1165.6959,1217.2551,1483.8984,969.55457,419.98853,-1694.1201,1147.4006,1217.7811,1568.3424,999.36633,420.97803,-1634.9562,1137.5941,1214.5538,1458.7185,1006.8214,445.50137,-1528.8158,1137.3519,1216.6245,1447.047,1130.4034,1656.0708,-413.15018,1214.341,1646.412,412.04062,1127.7649,2080.8796,-314.73172,1252.3215,2000.4568,969.63226,1208.3646,2581.5652,-290.31207,1372.8257,2367.5017,1506.3004,1266.8693,2671.0837,-296.5628,1434.1238,2433.0122,1560.774,1017.2165,2648.0144,-645.54193,1292.4879,2436.6067,1490.1534
IMG_20240117_160844.jpg,1186.0426,920.9214,238.14958,1187.6703,888.7286,114.600266,1184.2952,889.6088,114.63984,1180.0183,890.5372,114.76429,1201.1769,885.05225,233.52032,1206.8853,883.8256,233.53148,1212.2877,882.79254,233.44182,1192.1844,903.68134,-273.86267,1235.5703,892.97345,254.29704,1186.7043,955.15894,119.38682,1200.7255,952.1965,270.06668,1161.6744,1067.4971,-588.99506,1350.3947,1082.6201,448.01352,1039.3129,840.2441,-745.15533,1262.7395,857.43176,875.4973,1019.9889,589.121,-613.4097,1160.5309,636.56305,954.42053,1006.6934,519.9515,-717.42566,1138.0482,583.94476,963.2127,1040.0034,523.952,-716.21295,1154.1829,582.717,861.15106,1053.661,546.98553,-608.33215,1152.8268,599.22833,906.5978,1147.8212,1718.9551,-310.0826,1285.4292,1704.0403,308.41595,1101.8949,2254.9385,-208.04987,1392.4681,2164.9873,445.15985,1087.4742,2760.5493,-222.77132,1500.5621,2617.3726,597.81506,1071.1954,2852.4514,-236.05154,1497.1329,2691.345,613.2185,981.62463,2783.9758,-490.79404,1489.3917,2662.8774,490.98972
IMG_20240117_160848.jpg,1166.048,927.5286,782.82465,1145.8289,890.6746,614.6715,1133.8667,892.98706,614.7855,1120.7335,895.5771,614.9424,1180.2058,888.249,658.1268,1191.8407,888.7263,658.22095,1203.7562,888.54034,657.9003,1109.4639,933.5767,69.41765,1230.0592,919.1645,251.16118,1148.0725,971.49365,621.47925,1185.1346,967.3283,670.4961,1018.69824,1153.3431,-131.18408,1383.3546,1130.8885,163.62529,946.3125,973.2827,313.95148,1304.1129,958.71387,574.62714,964.6955,721.37604,846.0037,1238.349,743.3425,1070.208,979.515,643.7307,859.0442,1241.119,680.9588,1111.9092,1013.57825,640.688,805.09937,1193.4888,669.5934,1041.2651,1020.44666,670.73517,841.0317,1186.7554,697.67944,1055.7186,1084.8049,1915.6019,-104.845474,1315.9248,1908.3596,102.46857,1015.3355,2460.4688,-175.06937,1431.0254,2398.187,320.61606,956.8884,3045.4902,-348.23547,1539.7733,2933.0913,257.32077,962.6289,3155.3806,-362.5334,1540.8569,3027.6763,256.88254,875.7473,3027.9875,-510.1895,1542.9065,2925.209,162.94675
IMG_20240117_160854.jpg,1329.8829,1013.3139,99.39527,1310.8075,979.33484,-50.79905,1294.4387,983.7124,-50.875286,1276.6665,987.69366,-50.815304,1354.1868,971.1983,-6.4765277,1369.7057,971.11707,-6.3455977,1386.9115,971.2756,-6.6368227,1260.0143,1028.7428,-479.83105,1422.7347,1021.6534,-295.52588,1306.1827,1065.4393,-15.044064,1353.9833,1059.8508,37.097057,1108.2223,1295.123,-526.58374,1552.8186,1293.257,-223.075,1000.87366,968.81586,-527.2541,1544.3118,923.7366,78.85473,1039.1948,579.8093,-710.92505,1444.9092,622.8997,131.17926,1026.3911,471.20215,-847.84076,1451.2924,507.98953,72.80267,1092.547,482.3434,-876.92084,1400.6035,513.10315,4.0988913,1113.0226,522.26196,-727.3108,1382.8765,558.81287,104.83364,1162.7074,2075.5469,-98.05775,1439.0427,2072.727,96.04666,1067.5308,2694.6738,114.96995,1502.4575,2561.9717,763.35675,1017.13947,3217.6318,238.92708,1566.9957,3008.623,1276.2229,1030.9126,3304.6274,247.93613,1558.7299,3077.0288,1333.0873,986.7783,3080.7202,108.305305,1558.4095,2931.1,1346.2516
IMG_20240117_160909.jpg,1130.8221,941.12463,95.14124,1099.5072,893.49133,-9.081522,1079.8385,891.9933,-9.098793,1059.0198,892.0387,-9.129819,1145.8462,901.54034,-44.887234,1159.3977,904.52325,-44.86344,1173.4326,908.1565,-45.135777,1022.0452,928.1513,-298.35828,1183.7412,939.2186,-460.25674,1103.1066,982.1579,31.744148,1149.6885,992.9074,-17.922514,886.6533,1139.0466,-131.39612,1307.8009,1162.1194,-626.77954,855.95447,826.1904,248.0411,1427.764,858.5958,-457.23877,930.7977,565.3458,351.09695,1385.6505,518.155,-177.27864,898.7485,487.65024,352.84357,1402.5577,421.55612,-226.62834,949.6421,488.5078,270.97186,1347.5409,422.4056,-226.07336,974.7944,518.41223,328.04004,1328.397,465.49707,-163.77727,1005.64716,1978.7524,188.32289,1248.5382,1989.8231,-191.05125,898.9218,2378.2842,795.73425,1314.1959,2424.9656,467.8971,806.1635,2766.1858,1394.8751,1358.8416,2877.403,979.6969,762.09534,2887.5442,1468.0236,1334.3589,2981.4067,1046.7275,833.88336,2718.7622,1484.2861,1404.239,2828.1548,965.29987
IMG_20240117_160913.jpg,1221.5946,865.1689,-42.789246,1185.7797,835.2477,-36.417027,1178.2852,835.5111,-36.250336,1171.3505,835.32025,-36.19141,1191.8444,839.37427,-155.73047,1188.8008,842.94635,-155.58069,1186.6146,846.1861,-155.42697,1117.8927,869.2722,96.359474,1154.0884,878.1487,-443.99167,1207.5433,914.46814,40.605812,1212.393,915.1041,-116.312126,982.10266,1099.2074,439.9921,1209.0032,1051.2725,-705.13794,968.27344,957.31616,1356.2413,1436.0889,807.98883,-742.7418,1099.9384,753.08655,2092.1365,1432.0845,490.7115,-230.39558,1150.5804,664.11865,2233.4363,1427.2926,385.38614,-252.73839,1169.5541,655.1479,2154.2532,1370.9167,399.61356,-249.74695,1179.5721,681.05896,2079.9595,1363.607,438.739,-209.25346,1044.3197,1838.9581,383.4671,1192.5894,1897.357,-385.21576,1016.9385,2237.2554,927.77594,1224.4125,2374.529,96.77763,916.96045,2609.842,1459.4916,1225.4152,2941.1924,428.6288,857.5239,2704.2522,1515.2134,1178.4147,3049.602,462.06165,1022.29535,2648.9153,1610.389,1436.2272,2952.4001,349.6837
IMG_20240117_160952.jpg,1174.2454,1269.1196,-905.9403,1186.6724,1213.0935,-837.7945,1198.8871,1210.736,-837.5292,1210.9807,1208.6906,-837.5498,1136.8339,1217.6497,-855.85046,1112.3872,1218.9713,-855.9983,1088.1458,1220.5796,-856.1279,1200.962,1211.0836,-441.89362,1040.9164,1225.8247,-530.1608,1187.45,1304.4319,-755.90466,1127.3453,1306.9767,-781.0011,1279.5828,1402.2804,-336.1101,939.2035,1445.3313,-485.4691,1343.9839,1165.7926,-469.03516,893.1585,1170.5775,-744.2659,1190.5573,891.4302,-375.7775,1160.9769,911.00195,-418.9094,1153.0834,786.23285,-469.852,1178.3137,812.6113,-475.92526,1144.7119,784.79474,-404.15268,1170.8105,821.3663,-366.76035,1152.7478,825.3169,-366.3656,1166.4591,871.1122,-386.4861,1231.2965,2144.0173,95.96707,992.47174,2162.498,-96.79515,1255.2662,2503.4685,539.4317,916.697,2549.6724,169.68044,1242.7424,2732.7275,1490.9897,860.08636,2885.9866,753.5683,1195.3824,2763.2976,1578.0013,849.46893,2905.3245,796.6547,1332.3755,2903.565,1360.636,883.9462,3105.332,420.37292
IMG_20240117_161000.jpg,1184.8795,964.0647,-959.21027,1229.9667,913.52985,-888.9869,1251.9196,913.97205,-888.9208,1274.7941,914.965,-889.1232,1181.1829,915.2485,-817.9994,1169.3303,916.0748,-818.0251,1160.277,916.5175,-818.0211,1330.5818,939.8263,-580.1875,1188.4274,923.05096,-233.7376,1232.5223,1014.76447,-853.25134,1171.5558,1008.10944,-754.78986,1441.0457,1171.5881,-722.69604,1107.2671,1161.6664,78.19525,1571.959,929.8871,-1393.9265,902.8275,906.1234,202.04118,1442.0297,588.46844,-1724.7777,946.2013,575.40717,189.70383,1438.2375,485.62906,-1893.5625,958.5245,487.08713,58.90576,1402.3252,487.6444,-1848.1326,1004.6583,475.61316,116.254005,1389.3821,526.1754,-1728.8672,1014.7674,514.976,178.52354,1283.814,1942.4664,-265.6974,1067.0096,1902.6312,264.85968,1321.5128,2346.5786,111.83082,1005.3792,2303.7366,1069.7765,1375.1547,2751.2966,655.0439,983.7153,2589.0051,2092.3218,1397.3236,2803.6367,682.671,1022.99695,2648.0413,2171.6614,1296.0167,2952.644,102.79043,815.1534,2761.0618,1843.6232
IMG_20240117_161008.jpg,1471.1302,687.8967,-840.8275,1518.4135,656.2535,-760.0717,1539.3519,660.46844,-759.8664,1558.9125,664.79834,-760.0271,1464.2744,649.45776,-705.39923,1448.3298,648.59314,-705.24786,1434.8068,647.6156,-705.1868,1597.9109,704.7203,-389.02478,1442.2238,679.51514,-109.477516,1508.8052,744.5963,-712.8408,1445.903,733.5534,-634.511,1692.9845,946.2623,-491.70444,1322.8708,956.9859,234.92615,1820.0188,597.7469,-764.4872,1153.1747,655.7749,374.7561,1652.5178,363.3275,-293.26093,1358.3486,388.2681,697.02924,1591.9524,306.1077,-352.63254,1432.7837,314.26126,601.3236,1565.666,326.21826,-325.58066,1457.0332,336.1758,704.20654,1567.7839,360.50803,-291.0539,1437.2914,372.23682,705.6136,1544.9036,1798.3005,-250.59465,1278.7949,1771.7611,250.02644,1588.6973,2351.0154,-213.32704,1155.658,2260.0618,684.73804,1663.9652,2930.5938,109.428856,1112.4222,2753.894,1325.2473,1674.1837,3004.2134,103.36423,1147.4653,2847.8398,1359.6112,1585.5206,3164.7996,-567.6995,908.10864,2900.746,954.2573
IMG_20240117_161017.jpg,1101.2428,633.1499,-711.6425,1107.3777,599.85065,-585.9864,1116.425,600.9848,-585.69275,1125.2401,602.4711,-585.54736,1069.443,598.5031,-621.22955,1050.7415,600.04346,-621.30615,1030.8356,602.4345,-621.4074,1121.9357,628.8204,-51.25351,988.3901,625.963,-219.64188,1112.6543,683.9067,-525.6756,1067.4021,686.6468,-575.11456,1230.9337,860.9443,60.334923,887.15576,854.4951,-330.17224,1380.0017,637.47833,-253.06967,797.74097,516.8437,-861.6345,1189.3506,371.06662,-350.11465,996.2835,337.6072,-661.3233,1126.2109,308.39655,-463.8276,1051.8209,289.191,-791.9402,1110.4022,314.97156,-411.34106,1060.8289,304.75275,-692.64575,1117.5908,340.76746,-352.52908,1050.2562,331.25952,-642.4904,1245.7089,1548.4309,117.92436,994.41113,1563.9733,-118.69017,1307.6774,2029.664,500.27765,949.2801,2087.747,-68.42885,1385.6581,2440.4233,1179.7852,897.0291,2560.3784,367.40115,1348.5417,2503.535,1219.4692,888.52484,2603.2188,379.87253,1517.214,2587.9058,746.8963,897.9121,2767.4792,-193.06174
IMG_20240117_161021.jpg,1215.6101,583.0851,-651.1216,1225.751,541.3796,-544.2583,1235.5809,544.0038,-543.98645,1245.6615,546.81415,-544.0848,1181.2875,535.8097,-595.08307,1160.2427,535.86285,-595.048,1138.4329,536.96954,-594.79517,1239.8247,570.3876,-45.404076,1090.9694,566.8371,-291.493,1227.2789,633.1452,-473.4525,1172.3928,631.09357,-544.74786,1340.755,815.5557,186.31015,975.90094,798.8675,-406.53616,1512.6604,608.07245,194.45314,920.3405,428.4104,-904.5642,1363.7963,328.92242,183.17024,1113.8746,212.35309,-606.01025,1300.2705,246.50519,105.64601,1177.5096,174.78323,-701.34705,1282.9243,246.65218,160.25705,1192.323,199.52847,-588.6479,1289.8634,276.05746,180.80576,1176.6729,225.36163,-580.62787,1294.716,1578.0085,221.82227,1056.5059,1579.8489,-222.6841,1323.618,2050.7056,617.08185,971.2841,2106.428,26.25791,1343.3042,2463.5972,1215.4248,882.95703,2539.5403,551.32666,1290.5115,2532.775,1255.9116,849.8784,2569.4443,582.45844,1489.9734,2632.9697,900.98724,907.3878,2768.2542,100.65385
IMG_20240117_161421.jpg,1608.2734,1211.753,-1536.7416,1604.7261,1148.9984,-1456.4397,1614.0151,1147.2196,-1456.0587,1622.6884,1144.9099,-1456.1425,1556.656,1146.6283,-1545.8904,1529.1467,1143.8387,-1546.2008,1501.2374,1141.269,-1546.3499,1586.9031,1153.7001,-929.36426,1417.4285,1153.5201,-1366.3098,1617.2788,1268.7747,-1325.3597,1555.8417,1266.6211,-1450.74,1678.8328,1350.429,-600.9499,1235.8132,1404.867,-1527.0857,1796.8041,971.6094,-575.966,1291.9937,1023.1133,-2295.2246,1786.6776,453.984,-830.66907,1383.584,435.9635,-2507.7305,1804.0891,276.66418,-957.97046,1391.0359,279.54346,-2697.9634,1775.0585,261.3557,-980.31714,1411.4744,257.5547,-2619.5413,1751.8931,310.4568,-868.2495,1428.489,310.25415,-2497.6006,1722.4656,2300.8596,313.38217,1433.4478,2357.4788,-314.31647,1757.6709,2758.175,1469.3077,1300.4567,2912.744,-177.43373,1830.9343,3116.2346,2866.87,1152.0767,3434.7856,321.35492,1777.8842,3191.5845,2995.4683,1102.1891,3517.3965,348.6142,1995.7357,3293.6658,2817.714,1264.7712,3726.4019,-179.43228
IMG_20240117_161425.jpg,1556.8516,1222.3743,-766.9635,1548.4199,1170.277,-694.89856,1555.7834,1170.5927,-694.6518,1562.384,1170.5492,-694.5752,1506.9406,1170.7181,-783.03314,1484.8691,1172.2361,-783.1427,1462.2103,1174.7924,-783.30927,1530.5406,1186.8342,-277.2581,1396.2346,1201.944,-705.4292,1570.8633,1285.1536,-606.35364,1521.9109,1284.9193,-730.46765,1616.2695,1386.5758,-71.569595,1254.1764,1437.7661,-908.4644,1666.761,995.02075,48.46788,1305.4772,1011.5774,-1554.8489,1689.9738,515.98914,-247.06993,1340.947,474.5719,-1626.0457,1668.7476,381.12805,-386.03915,1378.2228,360.75696,-1792.2366,1644.273,366.67725,-429.86655,1394.4886,323.47424,-1718.335,1635.4823,405.53613,-299.89786,1388.4944,361.11646,-1620.6433,1674.3474,2334.0903,284.841,1418.7411,2411.155,-285.13766,1688.5791,2751.7773,1369.6525,1338.9927,2963.0002,-198.5111,1752.0662,3046.7651,2387.01,1245.8662,3542.5513,-69.15265,1695.3322,3130.2498,2476.3,1189.8152,3610.9414,-79.364716,1932.9517,3177.0115,2346.1436,1395.0012,3727.9636,-565.97266
IMG_20240117_161429.jpg,1612.2837,1403.5096,-1932.3728,1642.2856,1340.0023,-1833.4904,1663.3772,1338.5635,-1833.056,1684.1794,1337.8127,-1833.364,1581.2325,1338.2657,-1829.5148,1558.9475,1335.3488,-1829.9329,1539.1462,1332.6165,-1829.9045,1720.6827,1355.0865,-1328.8082,1520.2899,1353.2831,-1298.7291,1650.6782,1463.0471,-1744.6763,1575.3953,1455.0264,-1737.3937,1856.7089,1602.0901,-1306.994,1384.4219,1593.0498,-1122.5212,1979.4927,1240.8601,-1760.1145,1312.2722,1215.9026,-1457.2606,1927.8579,821.5824,-1996.5881,1379.0072,773.74084,-1638.6998,1939.273,683.4127,-2190.9321,1371.6995,671.83594,-1832.0752,1905.8635,673.63257,-2179.044,1412.1008,648.3938,-1785.3022,1882.5619,725.9011,-2023.2146,1428.6847,689.28186,-1659.3658,1781.6484,2423.821,-60.531433,1468.7289,2426.9285,59.1457,1918.2646,2902.0654,185.7448,1340.6592,2944.79,139.1796,2083.0972,3353.4285,1245.3785,1253.4604,3354.2559,1165.3839,2068.372,3404.37,1320.9785,1273.3762,3406.7954,1235.6885,2114.6038,3575.8086,697.03235,1196.6311,3585.889,655.4581
IMG_20240117_161433.jpg,1642.723,1208.8965,-1823.2207,1675.821,1152.8782,-1781.7146,1697.2657,1149.8431,-1781.3434,1720.2336,1147.4393,-1781.8467,1618.3379,1153.6062,-1708.5508,1601.3865,1151.0773,-1708.6912,1587.7407,1148.866,-1708.8496,1774.7227,1163.6888,-1492.93,1596.7007,1163.8132,-1121.7106,1691.065,1262.6313,-1703.562,1617.4153,1255.718,-1598.7235,1953.4824,1402.391,-1563.0048,1501.0364,1399.8025,-869.34155,1994.6041,1025.0287,-2175.9583,1381.8138,986.5951,-1007.5305,1835.8971,519.4712,-2328.0027,1494.3542,548.66077,-1110.5542,1771.1565,398.88696,-2545.8433,1547.0027,421.08313,-1289.1613,1740.6826,391.87842,-2492.8584,1573.6304,410.5664,-1266.1349,1748.1691,425.6748,-2332.618,1571.8403,448.27502,-1142.717,1845.8873,2309.119,-260.6192,1526.1238,2280.6895,259.66162,1958.0519,2839.5823,-70.70555,1402.8645,2746.0398,1350.0613,2072.434,3331.7542,698.51935,1323.7954,3087.6238,2756.0764,2070.2207,3404.17,734.5523,1351.116,3139.5063,2870.5056,2036.9951,3590.271,29.805008,1188.0392,3269.7644,2531.0583
IMG_20240117_161436.jpg,1450.7734,1005.364,-1488.2616,1496.727,935.8977,-1429.2888,1522.2856,931.1604,-1429.0927,1550.1163,928.0742,-1429.4812,1428.6924,944.71985,-1343.7529,1412.4885,945.29114,-1343.815,1396.6279,946.1559,-1343.8784,1620.2302,955.77783,-1086.0305,1417.0437,971.30334,-663.82196,1518.6658,1064.4417,-1354.3474,1433.9332,1061.0254,-1234.0505,1838.276,1205.4395,-1315.8044,1333.4435,1268.4956,-325.88132,1884.1542,776.1156,-2069.3801,1168.0156,825.1527,-420.3727,1744.4641,231.96948,-2347.8723,1124.8562,348.71973,-745.18445,1720.7706,69.599365,-2593.243,1047.9924,224.44153,-937.88196,1682.9136,60.70508,-2543.6475,1073.2715,202.14502,-989.3551,1667.9307,118.55054,-2359.3044,1112.4747,245.5968,-818.82404,1780.9451,2244.4915,-362.39508,1416.4454,2261.917,362.22958,1971.7473,2944.5085,-588.412,1321.2383,2909.5527,1391.9492,2156.0818,3641.7153,-197.20822,1220.3026,3391.0764,2861.0078,2149.2288,3723.624,-210.56007,1253.0222,3470.102,2964.4404,2121.9,3916.7866,-1147.4814,1058.9937,3618.6982,2478.8008
IMG_20240117_161438.jpg,1623.8405,1118.6138,-1283.7432,1673.7759,1054.2273,-1207.5845,1696.7195,1051.1166,-1207.4697,1723.0068,1048.485,-1207.882,1607.9015,1058.6292,-1126.026,1593.6533,1057.5977,-1126.024,1579.9202,1057.2722,-1126.0775,1789.3816,1067.7343,-833.50543,1601.7858,1077.0,-431.66025,1685.9277,1172.5128,-1145.6809,1602.78,1165.9158,-1031.4453,1987.225,1327.3809,-1076.1223,1503.0272,1362.3346,-91.93905,2052.985,891.879,-1779.9641,1338.9824,906.5155,-171.24571,1910.9746,377.1211,-1980.4717,1356.4443,466.6671,-522.24365,1868.0035,215.97095,-2209.219,1313.6873,336.23804,-724.7445,1837.1296,212.34521,-2167.3535,1363.635,327.17322,-755.109,1833.1521,270.04346,-1992.5278,1397.6211,378.0901,-589.4265,1881.6748,2343.414,-353.6706,1524.3953,2335.722,353.43475,2026.0386,3048.6719,-671.3475,1372.7716,2977.3032,1068.7437,2192.0164,3768.9062,-414.23682,1243.9822,3471.8594,2160.8323,2176.1494,3857.9346,-444.08783,1295.6606,3582.7405,2224.2153,2156.7812,4038.5923,-1366.5862,1044.5652,3707.0806,1710.5969
IMG_20240117_161442.jpg,1642.7867,1275.1963,-609.2293,1681.2887,1223.1733,-670.68896,1696.909,1221.1655,-670.76,1712.0065,1220.0513,-670.96045,1657.9109,1223.2913,-536.0075,1656.6097,1220.7678,-536.2051,1656.0962,1218.6025,-536.4424,1768.7759,1243.0732,-813.08167,1683.0808,1247.393,-181.06746,1679.6719,1322.8441,-644.4264,1652.5432,1319.2399,-462.1587,1939.5042,1481.3784,-1207.8053,1638.0809,1478.5796,196.90086,1823.4906,1049.5802,-1824.4277,1494.8328,1056.4169,624.01746,1662.6267,620.8098,-2083.9607,1387.7892,684.5803,451.9442,1609.585,497.557,-2271.543,1389.2573,593.7058,381.29633,1598.3513,480.3429,-2234.7188,1408.5707,578.249,286.17834,1599.0574,526.45703,-2082.39,1421.2524,607.35986,383.02777,1910.5056,2442.8132,-503.20868,1691.0173,2375.6152,502.88306,1997.3235,2976.496,-411.2613,1672.2625,2766.006,1656.1439,2109.9465,3589.1494,-327.2079,1648.0161,3081.3608,2797.0842,2177.2693,3690.1206,-341.99188,1690.1228,3163.7856,2893.6113,1924.418,3796.8462,-912.77325,1481.272,3241.3904,2849.1323
IMG_20240117_161444.jpg,1457.3704,1259.5859,-438.00165,1476.0692,1193.0117,-534.8527,1485.8945,1189.0767,-535.06726,1496.2744,1185.79,-535.4596,1465.5808,1191.2418,-383.59937,1467.6653,1185.4097,-383.57904,1470.2971,1179.7883,-383.65067,1579.3334,1178.4615,-834.0653,1533.4229,1178.2151,-138.80956,1496.1466,1302.8643,-526.08105,1477.0088,1299.5056,-323.82132,1772.127,1358.6814,-1197.4541,1590.0978,1391.9963,162.44945,1505.6921,954.7612,-1718.2224,1398.2095,953.3369,495.0402,1301.1304,496.14478,-1791.8192,1200.3987,623.1709,69.565735,1249.948,382.6217,-1968.0854,1161.4226,534.41675,-6.145808,1258.0625,361.35034,-1905.7595,1174.0647,499.57373,-140.20776,1266.5035,402.61755,-1770.991,1190.3477,543.2002,-17.220327,1700.7124,2358.5203,-488.80585,1578.4933,2300.1265,488.02057,1756.5107,3010.87,-381.85956,1615.3949,2775.3274,1340.9321,1839.9019,3683.8184,-396.78986,1610.4104,3059.419,2242.5332,1900.7512,3782.9075,-421.67603,1661.5391,3143.1182,2319.8757,1604.3538,3851.1277,-899.2523,1358.8091,3211.838,2283.2498
IMG_20240117_161449.jpg,1601.5627,1389.8997,34.291245,1587.434,1362.0145,-146.04166,1573.5171,1367.5703,-146.04572,1558.4666,1372.1719,-146.19588,1628.29,1348.4651,-32.691067,1640.9934,1346.3042,-32.694324,1653.4495,1344.6475,-32.955467,1561.2886,1404.2393,-719.6318,1682.5952,1379.3251,-214.63821,1584.1871,1438.6842,-135.93384,1625.322,1422.4354,6.4464245,1460.934,1642.0327,-999.52783,1835.2893,1612.1646,10.298368,1295.6708,1372.6946,-1104.184,1789.512,1298.7692,667.4116,1274.1194,1027.19,-1073.714,1718.4613,1018.4857,920.2513,1240.9878,932.9523,-1208.8252,1702.9263,901.15735,946.8508,1288.2045,919.0786,-1223.9587,1666.5396,906.69653,846.8157,1314.8088,956.26917,-1073.3602,1658.8948,947.6194,888.94836,1534.3894,2447.1577,-354.55072,1774.7014,2419.5923,352.23734,1414.198,2950.892,211.95744,1879.2944,2856.9338,1399.1611,1282.7993,3460.6543,505.58725,1990.8806,3264.4988,2154.7588,1296.0459,3570.6052,544.2863,2011.9548,3372.2,2248.5037,1107.4673,3477.9375,368.97247,1886.6056,3279.1323,2279.056
IMG_20240117_161452.jpg,1661.7048,1104.9365,113.10408,1633.2007,1053.6302,-95.39061,1609.6556,1059.6016,-95.41359,1584.223,1065.7489,-95.523575,1690.8519,1051.2552,-65.302795,1708.7808,1056.221,-65.42617,1729.3875,1062.5726,-66.07121,1551.0117,1120.9983,-739.0334,1755.7214,1137.766,-610.3682,1626.2076,1180.1699,-63.16563,1682.209,1180.4647,-32.017826,1337.8511,1401.5837,-806.9137,1937.3611,1453.4985,-544.6208,1255.166,981.05347,-683.9214,1975.1133,1024.4375,-120.27017,1249.6375,550.68945,-845.0287,1930.7136,657.1415,210.06084,1225.2427,428.83435,-961.99585,1964.7118,521.13525,198.81357,1292.5613,413.7931,-1006.8972,1881.8118,513.4021,154.49783,1318.3787,449.36743,-860.75854,1849.5443,569.3087,209.4316,1455.8044,2452.17,-131.95287,1815.3472,2448.3914,128.90468,1299.04,3038.6157,500.8147,1916.5316,2958.5657,1210.808,1131.1476,3602.7083,1006.422,2045.2878,3423.6912,1998.7527,1127.0679,3737.7642,1070.451,2042.6979,3526.179,2095.102,1037.094,3594.2834,915.0929,1982.8789,3464.3506,2057.19
IMG_20240117_161454.jpg,1634.0435,912.1199,410.97083,1608.9855,854.08215,210.93015,1589.9124,860.58215,211.10736,1570.3436,867.69617,211.06693,1663.7695,845.06433,243.77591,1684.1862,845.69324,244.02719,1707.1187,847.97253,243.7901,1559.1819,916.8822,-423.13428,1748.4578,905.5924,-289.88574,1622.8802,983.0885,229.92503,1679.842,977.12976,265.39267,1356.1986,1244.8702,-485.65784,1987.2711,1264.1028,-296.7482,1194.105,876.1116,-349.2443,2001.5715,868.328,133.51892,1218.6213,379.1256,-416.82632,1914.7657,454.45825,541.70557,1214.9463,270.30896,-520.5196,1905.8354,304.62036,551.07153,1306.1539,266.57776,-554.7062,1819.5068,299.0658,480.39423,1326.5123,300.28687,-429.42908,1801.9603,355.58923,526.585,1507.6031,2366.9106,-29.142134,1878.9423,2361.971,26.85735,1347.9554,3071.4243,441.81378,2023.886,3007.0361,838.67523,1143.834,3721.0132,607.3695,2212.4998,3637.3237,1220.7495,1090.1218,3858.0708,633.74426,2208.3125,3756.9233,1272.4668,1110.1351,3755.3037,525.6208,2190.4048,3677.1904,1206.5583
IMG_20240117_161459.jpg,1539.8171,1283.6769,-970.5203,1516.5459,1195.4197,-1161.9021,1500.4032,1185.0626,-1161.8794,1484.5696,1175.5676,-1162.6738,1564.7732,1213.5693,-1168.0718,1579.1006,1214.662,-1168.2833,1593.219,1215.0996,-1168.6095,1449.27,1177.8065,-1635.2252,1584.4457,1218.3187,-1674.1609,1501.7017,1325.9841,-1076.8489,1545.3315,1347.2281,-1093.2412,1144.0908,1413.4058,-1547.4224,1703.6753,1506.3174,-1501.954,1124.0742,895.84265,-1252.2473,1878.3533,1061.2849,-1281.5315,1254.7832,485.94006,-1222.7468,1942.148,558.99475,-1142.7251,1223.1936,330.29053,-1319.772,1971.477,406.07642,-1249.3866,1332.3339,334.41455,-1394.5354,1895.623,392.76465,-1294.1943,1351.0643,393.20142,-1243.9126,1840.8884,445.38574,-1158.3442,1266.6064,2522.5706,78.35006,1538.0449,2545.8186,-80.57399,1111.1152,3018.9023,1596.8855,1694.3289,3154.676,964.57526,877.3439,3538.099,2864.2197,1893.1615,3685.609,1706.6421,860.5676,3664.5273,3014.371,1923.5977,3798.8015,1799.0686,869.8742,3528.1619,2894.9504,1867.0195,3764.213,1599.8052
IMG_20240117_161503.jpg,1350.9866,1048.9237,-1047.2521,1302.2499,989.29443,-1043.2797,1287.8807,984.8176,-1043.2454,1275.7456,980.5448,-1043.5425,1326.1464,1004.58057,-1187.5973,1327.4679,1010.94714,-1187.6637,1330.1578,1018.0785,-1187.8223,1206.4594,1017.2345,-832.11786,1285.1122,1068.9006,-1502.8992,1320.3264,1110.5647,-923.58484,1341.2454,1129.8489,-1117.4077,960.6422,1337.1932,-312.5695,1392.6887,1409.632,-1703.687,1077.3872,811.90894,228.53003,1647.1399,998.02686,-2195.4043,1201.9254,442.1797,161.22366,1838.3821,476.94617,-2408.8506,1185.0026,288.91333,87.73023,1887.8903,328.51,-2688.2268,1232.4181,292.80396,-56.19297,1821.367,314.70288,-2638.6738,1250.9882,342.79883,93.938194,1782.7017,364.15674,-2404.6074,1150.9049,2370.8013,561.89954,1413.145,2475.095,-564.6377,1110.8049,2837.6362,2078.9673,1504.9224,3057.3638,406.58917,999.1053,3245.4285,3608.1426,1612.8593,3721.0037,1291.9962,959.6487,3368.9822,3758.1284,1581.7255,3875.9082,1368.775,1063.5491,3221.2166,3753.3643,1883.7968,3686.6348,1053.3687
IMG_20240117_161507.jpg,1354.3206,1255.6027,-1056.3694,1307.9613,1201.7823,-1079.2766,1298.9594,1196.7683,-1079.4844,1291.2166,1191.663,-1079.9755,1314.4863,1216.1815,-1225.2727,1309.5127,1221.6984,-1225.058,1305.4429,1226.5292,-1225.0054,1220.5942,1217.8673,-870.81555,1237.8969,1255.7552,-1545.6918,1332.1683,1303.219,-917.6299,1337.3308,1313.4491,-1112.8875,1006.4841,1508.3433,-441.01453,1325.3398,1575.3132,-1675.2273,1148.46,927.00183,-115.09221,1594.0492,1152.5668,-2315.2158,1276.0682,535.08606,-494.47842,1748.9126,555.5029,-2732.3535,1301.2017,435.4431,-642.4142,1811.8242,394.62598,-3046.3425,1339.3848,423.93115,-784.879,1746.4045,409.33594,-3009.6616,1344.809,457.5647,-570.6246,1700.7499,463.40356,-2741.901,1308.3314,2546.735,472.48453,1509.1711,2634.865,-474.1397,1226.6868,3021.1438,2008.3513,1560.2161,3281.354,170.82483,1110.8942,3371.0232,3437.7913,1567.0552,3939.5376,780.04956,1043.0756,3495.6497,3573.9207,1529.084,4019.9922,830.1795,1183.8142,3394.1082,3533.8154,1682.6785,4016.816,474.1876
